{"results": {"ArbBenchmark.track_time": {"result": [null, 7.174567688107676, 7.154573694791959, 16.723205900212292, 319.7117762948195, 4.982079125390543, 75.70453522136032, 9.548097769879623, 77.97715012674443, 13.344466674674734, 13.446617072978215, 72.91652879225138, 832.513137420794, 68.30201939859514, 831.3447300618598, 44.45545585125058, 612.2042890247575, 194.42810975074758, 35054.69357382219, 143.75833557084945, 33907.28148761942, 106.60674967998582, 33657.410051371524], "params": [["'Create'", "'CreateMove, 53, 10'", "'CreateMove, 65536, 1024'", "'CreateCopy, 53, 10'", "'CreateCopy, 65536, 1024'", "'Assign_C, 53, 10'", "'Assign_C, 65536, 1024'", "'Assign, 53, 10'", "'Assign, 65536, 1024'", "'AssignMove, 53, 10'", "'AssignMove, 65536, 1024'", "'Addition_Inplace_Yap, 53, 10'", "'Addition_Inplace_Yap, 65536, 1024'", "'Addition_Yap, 53, 10'", "'Addition_Yap, 65536, 1024'", "'Addition_C, 53, 10'", "'Addition_C, 65536, 1024'", "'Arithmetic_Yap, 53, 10'", "'Arithmetic_Yap, 65536, 1024'", "'Arithmetic_C, 53, 10'", "'Arithmetic_C, 65536, 1024'", "'Arithmetic_C_optimized, 53, 10'", "'Arithmetic_C_optimized, 65536, 1024'"]]}, "ElementBenchmark\u27e8IntegerRing\u27e9.track_time": {"result": [109.03279036284766, 109.85084782571907, 632.3261105301546, 1153.7466204868797, 705.0026922484893, 731.6386387307839, 1683.2285919414683, 12236.81795921163, 3836.5663388595344, 3862.330059527303, 5420.475324153182, 81667.24164187984, 193.03280191592216, 192.52086020226605, 314.0256743881966, 10358.145005630873, 327.114018201235, 328.69767752739307, 324.6339638937584, 4312.17870775003], "params": [["'addition_Z, 0'", "'addition_Z, 1, 1, 1'", "'addition_Z, 2, 1, 0, 0, 1'", "'addition_Z, 2, 3, 4, 1, 2'", "'multiplication_Z, 0'", "'multiplication_Z, 1, 1, 1'", "'multiplication_Z, 2, 1, 0, 0, 1'", "'multiplication_Z, 2, 3, 4, 1, 2'", "'truediv_Z, 0'", "'truediv_Z, 1, 1, 1'", "'truediv_Z, 2, 1, 0, 0, 1'", "'truediv_Z, 2, 3, 4, 1, 2'", "'floordiv_Z, 0'", "'floordiv_Z, 1, 1, 1'", "'floordiv_Z, 2, 1, 0, 0, 1'", "'floordiv_Z, 2, 3, 4, 1, 2'", "'arb_Z, 0'", "'arb_Z, 1, 1, 1'", "'arb_Z, 2, 1, 0, 0, 1'", "'arb_Z, 2, 3, 4, 1, 2'"]]}, "ElementBenchmark\u27e8NumberField\u27e9.track_time": {"result": [201.27341582997448, 183.3727650365581, 953.9533172286864, 1833.4153149567123, 1330.611286018586, 1396.47230041718, 2721.559250962823, 17174.909933256728, 6192.0804139774955, 6190.069911535187, 9084.035938554154, 129251.40565504241, 686.0632420335639, 651.0895558525041, 1306.1223681745942, 17232.623965341983, 599.5258288468789, 598.8054944950948, 610.5752941697951, 7278.68289], "params": [["'addition_K, 0'", "'addition_K, 1, 1, 1'", "'addition_K, 2, 1, 0, 0, 1'", "'addition_K, 2, 3, 4, 1, 2'", "'multiplication_K, 0'", "'multiplication_K, 1, 1, 1'", "'multiplication_K, 2, 1, 0, 0, 1'", "'multiplication_K, 2, 3, 4, 1, 2'", "'truediv_K, 0'", "'truediv_K, 1, 1, 1'", "'truediv_K, 2, 1, 0, 0, 1'", "'truediv_K, 2, 3, 4, 1, 2'", "'floordiv_K, 0'", "'floordiv_K, 1, 1, 1'", "'floordiv_K, 2, 1, 0, 0, 1'", "'floordiv_K, 2, 3, 4, 1, 2'", "'arb_K, 0'", "'arb_K, 1, 1, 1'", "'arb_K, 2, 1, 0, 0, 1'", "'arb_K, 2, 3, 4, 1, 2'"]]}, "ElementBenchmark\u27e8RationalField\u27e9.track_time": {"result": [230.32241372785205, 230.3563115299123, 1084.9623731111737, 2485.1055030819657, 1108.605289994941, 1189.796873897454, 2527.4421348253295, 17444.64164792527, 5544.771052995075, 5321.796284588067, 8262.237134969859, 127509.68589272596, 624.3531791118099, 575.7872207917444, 1099.0151901274526, 13427.362263433193, 426.75128480531635, 402.9989747620593, 406.6555350122395, 4606.640552674731], "params": [["'addition_Q, 0'", "'addition_Q, 1, 1, 1'", "'addition_Q, 2, 1, 0, 0, 1'", "'addition_Q, 2, 3, 4, 1, 2'", "'multiplication_Q, 0'", "'multiplication_Q, 1, 1, 1'", "'multiplication_Q, 2, 1, 0, 0, 1'", "'multiplication_Q, 2, 3, 4, 1, 2'", "'truediv_Q, 0'", "'truediv_Q, 1, 1, 1'", "'truediv_Q, 2, 1, 0, 0, 1'", "'truediv_Q, 2, 3, 4, 1, 2'", "'floordiv_Q, 0'", "'floordiv_Q, 1, 1, 1'", "'floordiv_Q, 2, 1, 0, 0, 1'", "'floordiv_Q, 2, 3, 4, 1, 2'", "'arb_Q, 0'", "'arb_Q, 1, 1, 1'", "'arb_Q, 2, 1, 0, 0, 1'", "'arb_Q, 2, 3, 4, 1, 2'"]]}, "RandomRealNumberFixture.track_time": {"result": [37.30123408330709, 36.333556405724146, 11.994431912469983, 57.63351708919756, 98.12533497520623, 385.3901286388599, 597.8505888573039], "params": [["'Double'", "'arf, 16'", "'arf, 64'", "'arf, 512'", "'arf, 4096'", "'arf, 32768'", "'arf, 65536'"]]}}, "params": {"arch": "x86_64", "cpu": "Standard_DS2_v2", "machine": "Azure", "os": "Linux", "ram": "61830880", "python": "", "automake": "", "benchmark==1.5.0": "", "boost-cpp": "", "ccache": "", "coreutils": "", "cppasv": "", "cppyy": "", "cppyythonizations": "", "cxx-compiler": "", "e-antic": "", "fmt": "", "gmp": "", "gmpxxll": "", "gmpxxyy": "", "libflint": "", "libtool": "", "make": "", "ppl": "", "pytest": "", "setuptools": ""}, "requirements": {"automake": "", "benchmark==1.5.0": "", "boost-cpp": "", "ccache": "", "coreutils": "", "cppasv": "", "cppyy": "", "cppyythonizations": "", "cxx-compiler": "", "e-antic": "", "fmt": "", "gmp": "", "gmpxxll": "", "gmpxxyy": "", "libflint": "", "libtool": "", "make": "", "ppl": "", "pytest": "", "setuptools": ""}, "commit_hash": "0943ee852759e1cabddd48cde0b44a7d09e6dc39", "date": 1609150034000, "env_name": "conda-py-automake-benchmark==1.5.0-boost-cpp-ccache-coreutils-cppasv-cppyy-cppyythonizations-cxx-compiler-e-antic-fmt-gmp-gmpxxll-gmpxxyy-libflint-libtool-make-ppl-pytest-setuptools", "python": "", "profiles": {}, "started_at": {"ArbBenchmark.track_time": 1609150352253, "ElementBenchmark\u27e8IntegerRing\u27e9.track_time": 1609150377546, "ElementBenchmark\u27e8NumberField\u27e9.track_time": 1609150398277, "ElementBenchmark\u27e8RationalField\u27e9.track_time": 1609150416050, "RandomRealNumberFixture.track_time": 1609150436527}, "ended_at": {"ArbBenchmark.track_time": 1609150377545, "ElementBenchmark\u27e8IntegerRing\u27e9.track_time": 1609150398276, "ElementBenchmark\u27e8NumberField\u27e9.track_time": 1609150416049, "ElementBenchmark\u27e8RationalField\u27e9.track_time": 1609150436526, "RandomRealNumberFixture.track_time": 1609150443553}, "benchmark_version": {"ArbBenchmark.track_time": "0", "ElementBenchmark\u27e8IntegerRing\u27e9.track_time": "0", "ElementBenchmark\u27e8NumberField\u27e9.track_time": "0", "ElementBenchmark\u27e8RationalField\u27e9.track_time": "0", "RandomRealNumberFixture.track_time": "0"}, "version": 1}