{"results": {"ArbBenchmark.track_time": {"result": [null, 7.369962616705243, 7.636612386768963, 17.41354311221634, 225.75826088811132, 5.991671641513548, 51.238984099999996, 10.14806959817067, 54.042877965267934, 12.770552048217759, 12.825675718090915, 73.02205307172963, 712.4267441252002, 72.8884587084867, 709.4198115781794, 50.87809705992984, 558.6270290220074, 182.4603446247146, 34650.649600254146, 137.8861760152586, 33454.06970199507, 104.80211138810463, 33229.788283955364], "params": [["'Create'", "'CreateMove, 53, 10'", "'CreateMove, 65536, 1024'", "'CreateCopy, 53, 10'", "'CreateCopy, 65536, 1024'", "'Assign_C, 53, 10'", "'Assign_C, 65536, 1024'", "'Assign, 53, 10'", "'Assign, 65536, 1024'", "'AssignMove, 53, 10'", "'AssignMove, 65536, 1024'", "'Addition_Inplace_Yap, 53, 10'", "'Addition_Inplace_Yap, 65536, 1024'", "'Addition_Yap, 53, 10'", "'Addition_Yap, 65536, 1024'", "'Addition_C, 53, 10'", "'Addition_C, 65536, 1024'", "'Arithmetic_Yap, 53, 10'", "'Arithmetic_Yap, 65536, 1024'", "'Arithmetic_C, 53, 10'", "'Arithmetic_C, 65536, 1024'", "'Arithmetic_C_optimized, 53, 10'", "'Arithmetic_C_optimized, 65536, 1024'"]]}, "ElementBenchmark\u27e8IntegerRing\u27e9.track_time": {"result": [113.16467501871624, 110.88462046249094, 619.8024606120475, 1161.2420121284097, 679.5818021091636, 712.9047800632558, 1662.9194141640626, 12286.71455227196, 3676.2593232207823, 3656.5520905969015, 5311.056649801229, 82418.91774021983, 200.54432939037656, 203.10864709086272, 317.64045844090305, 10848.795859680587, 335.6158649403032, 356.1739571882439, 338.7191931356614, 4282.40125169094], "params": [["'addition_Z, 0'", "'addition_Z, 1, 1, 1'", "'addition_Z, 2, 1, 0, 0, 1'", "'addition_Z, 2, 3, 4, 1, 2'", "'multiplication_Z, 0'", "'multiplication_Z, 1, 1, 1'", "'multiplication_Z, 2, 1, 0, 0, 1'", "'multiplication_Z, 2, 3, 4, 1, 2'", "'truediv_Z, 0'", "'truediv_Z, 1, 1, 1'", "'truediv_Z, 2, 1, 0, 0, 1'", "'truediv_Z, 2, 3, 4, 1, 2'", "'floordiv_Z, 0'", "'floordiv_Z, 1, 1, 1'", "'floordiv_Z, 2, 1, 0, 0, 1'", "'floordiv_Z, 2, 3, 4, 1, 2'", "'arb_Z, 0'", "'arb_Z, 1, 1, 1'", "'arb_Z, 2, 1, 0, 0, 1'", "'arb_Z, 2, 3, 4, 1, 2'"]]}, "ElementBenchmark\u27e8NumberField\u27e9.track_time": {"result": [167.59328487432379, 192.95442733770398, 909.6336388904252, 1714.7856680670004, 1024.6589166595877, 1066.377944740669, 2316.422628307417, 15422.822489155826, 5461.345144838683, 5319.023110812425, 7862.982023631855, 114984.19817470665, 582.048031055782, 579.338647348587, 1099.170414849316, 18674.26766889482, 665.7628230380408, 657.6467696629214, 685.7916828364184, 7296.47715], "params": [["'addition_K, 0'", "'addition_K, 1, 1, 1'", "'addition_K, 2, 1, 0, 0, 1'", "'addition_K, 2, 3, 4, 1, 2'", "'multiplication_K, 0'", "'multiplication_K, 1, 1, 1'", "'multiplication_K, 2, 1, 0, 0, 1'", "'multiplication_K, 2, 3, 4, 1, 2'", "'truediv_K, 0'", "'truediv_K, 1, 1, 1'", "'truediv_K, 2, 1, 0, 0, 1'", "'truediv_K, 2, 3, 4, 1, 2'", "'floordiv_K, 0'", "'floordiv_K, 1, 1, 1'", "'floordiv_K, 2, 1, 0, 0, 1'", "'floordiv_K, 2, 3, 4, 1, 2'", "'arb_K, 0'", "'arb_K, 1, 1, 1'", "'arb_K, 2, 1, 0, 0, 1'", "'arb_K, 2, 3, 4, 1, 2'"]]}, "ElementBenchmark\u27e8RationalField\u27e9.track_time": {"result": [218.3045590311339, 207.03132426152936, 1072.3031629692343, 2596.8602408230063, 1078.8388974868003, 1079.3656950867648, 2432.8786836432655, 16582.29195820953, 5029.717820000001, 4707.113729751758, 7637.982733324576, 128920.01209899175, 547.8023953792873, 514.8854680491213, 980.498289236815, 13090.226693901586, 397.5406298260397, 408.56831799298396, 399.4488874801464, 4548.606796159752], "params": [["'addition_Q, 0'", "'addition_Q, 1, 1, 1'", "'addition_Q, 2, 1, 0, 0, 1'", "'addition_Q, 2, 3, 4, 1, 2'", "'multiplication_Q, 0'", "'multiplication_Q, 1, 1, 1'", "'multiplication_Q, 2, 1, 0, 0, 1'", "'multiplication_Q, 2, 3, 4, 1, 2'", "'truediv_Q, 0'", "'truediv_Q, 1, 1, 1'", "'truediv_Q, 2, 1, 0, 0, 1'", "'truediv_Q, 2, 3, 4, 1, 2'", "'floordiv_Q, 0'", "'floordiv_Q, 1, 1, 1'", "'floordiv_Q, 2, 1, 0, 0, 1'", "'floordiv_Q, 2, 3, 4, 1, 2'", "'arb_Q, 0'", "'arb_Q, 1, 1, 1'", "'arb_Q, 2, 1, 0, 0, 1'", "'arb_Q, 2, 3, 4, 1, 2'"]]}, "RandomRealNumberFixture.track_time": {"result": [38.02246665145923, 37.616641069702936, 10.479476011941106, 55.96927615476101, 70.59533047643147, 237.0336384198972, 322.0382285425268], "params": [["'Double'", "'arf, 16'", "'arf, 64'", "'arf, 512'", "'arf, 4096'", "'arf, 32768'", "'arf, 65536'"]]}}, "params": {"arch": "x86_64", "cpu": "Standard_DS2_v2", "machine": "Azure", "os": "Linux", "ram": "61830880", "python": "", "automake": "", "benchmark==1.5.0": "", "boost-cpp": "", "ccache": "", "coreutils": "", "cppasv": "", "cppyy": "", "cppyythonizations": "", "cxx-compiler": "", "e-antic": "", "gmp": "", "gmpxxll": "", "gmpxxyy": "", "libflint": "", "libtool": "", "make": "", "ppl": "", "pytest": "", "setuptools": ""}, "requirements": {"automake": "", "benchmark==1.5.0": "", "boost-cpp": "", "ccache": "", "coreutils": "", "cppasv": "", "cppyy": "", "cppyythonizations": "", "cxx-compiler": "", "e-antic": "", "gmp": "", "gmpxxll": "", "gmpxxyy": "", "libflint": "", "libtool": "", "make": "", "ppl": "", "pytest": "", "setuptools": ""}, "commit_hash": "1ee28fad9e81c53d3afea0b7b0b05fd5e6f83080", "date": 1625489486000, "env_name": "conda-py-automake-benchmark==1.5.0-boost-cpp-ccache-coreutils-cppasv-cppyy-cppyythonizations-cxx-compiler-e-antic-gmp-gmpxxll-gmpxxyy-libflint-libtool-make-ppl-pytest-setuptools", "python": "", "profiles": {}, "started_at": {"ArbBenchmark.track_time": 1625489826917, "ElementBenchmark\u27e8IntegerRing\u27e9.track_time": 1625489850752, "ElementBenchmark\u27e8NumberField\u27e9.track_time": 1625489871667, "ElementBenchmark\u27e8RationalField\u27e9.track_time": 1625489889265, "RandomRealNumberFixture.track_time": 1625489909980}, "ended_at": {"ArbBenchmark.track_time": 1625489850751, "ElementBenchmark\u27e8IntegerRing\u27e9.track_time": 1625489871666, "ElementBenchmark\u27e8NumberField\u27e9.track_time": 1625489889265, "ElementBenchmark\u27e8RationalField\u27e9.track_time": 1625489909978, "RandomRealNumberFixture.track_time": 1625489916967}, "benchmark_version": {"ArbBenchmark.track_time": "0", "ElementBenchmark\u27e8IntegerRing\u27e9.track_time": "0", "ElementBenchmark\u27e8NumberField\u27e9.track_time": "0", "ElementBenchmark\u27e8RationalField\u27e9.track_time": "0", "RandomRealNumberFixture.track_time": "0"}, "version": 1}