{"results": {"ArbBenchmark.track_time": {"result": [null, 6.013863462510171, 6.014971617540437, 13.653197947841127, 275.98169675797845, 5.3549990611069935, 64.11751279368761, 8.516763151760776, 76.68707474705569, 10.723149338439018, 10.70734310562193, 61.19629506842447, 675.2629365382464, 59.98726186508391, 674.0226207048137, 39.47673245742546, 489.3050592268127, 149.41563570808725, 29354.741640444718, 113.22443235519641, 28575.250163372, 85.3085116468105, 28612.308764044945], "params": [["'Create'", "'CreateMove, 53, 10'", "'CreateMove, 65536, 1024'", "'CreateCopy, 53, 10'", "'CreateCopy, 65536, 1024'", "'Assign_C, 53, 10'", "'Assign_C, 65536, 1024'", "'Assign, 53, 10'", "'Assign, 65536, 1024'", "'AssignMove, 53, 10'", "'AssignMove, 65536, 1024'", "'Addition_Inplace_Yap, 53, 10'", "'Addition_Inplace_Yap, 65536, 1024'", "'Addition_Yap, 53, 10'", "'Addition_Yap, 65536, 1024'", "'Addition_C, 53, 10'", "'Addition_C, 65536, 1024'", "'Arithmetic_Yap, 53, 10'", "'Arithmetic_Yap, 65536, 1024'", "'Arithmetic_C, 53, 10'", "'Arithmetic_C, 65536, 1024'", "'Arithmetic_C_optimized, 53, 10'", "'Arithmetic_C_optimized, 65536, 1024'"]]}, "ElementBenchmark\u27e8IntegerRing\u27e9.track_time": {"result": [94.6476881196627, 94.68160976999229, 535.2430250817868, 1016.7463805663976, 632.944014268892, 637.48312540344, 1428.4996665123308, 10206.50883583487, 3198.5756190301677, 3210.7998489872593, 4580.62626029502, 70045.53772263358, 163.99372221873094, 163.93858213374304, 262.7194791989733, 8734.766083769005, 309.14081149899937, 301.68580548940105, 290.7869752138093, 3224.03101650329], "params": [["'addition_Z, 0'", "'addition_Z, 1, 1, 1'", "'addition_Z, 2, 1, 0, 0, 1'", "'addition_Z, 2, 3, 4, 1, 2'", "'multiplication_Z, 0'", "'multiplication_Z, 1, 1, 1'", "'multiplication_Z, 2, 1, 0, 0, 1'", "'multiplication_Z, 2, 3, 4, 1, 2'", "'truediv_Z, 0'", "'truediv_Z, 1, 1, 1'", "'truediv_Z, 2, 1, 0, 0, 1'", "'truediv_Z, 2, 3, 4, 1, 2'", "'floordiv_Z, 0'", "'floordiv_Z, 1, 1, 1'", "'floordiv_Z, 2, 1, 0, 0, 1'", "'floordiv_Z, 2, 3, 4, 1, 2'", "'arb_Z, 0'", "'arb_Z, 1, 1, 1'", "'arb_Z, 2, 1, 0, 0, 1'", "'arb_Z, 2, 3, 4, 1, 2'"]]}, "ElementBenchmark\u27e8NumberField\u27e9.track_time": {"result": [147.97883482991418, 152.63503339779948, 844.5021695411128, 1614.4660229417746, 1185.0158911968788, 1180.2376930583698, 2304.277739733808, 13772.843262971002, 5347.287808344017, 5369.900876771284, 7660.644122312302, 109613.138550453, 576.2619148005188, 522.3810981184448, 1061.9477762567255, 14948.18181430733, 603.8142326581096, 520.447538, 517.6461799145119, 5199.82115], "params": [["'addition_K, 0'", "'addition_K, 1, 1, 1'", "'addition_K, 2, 1, 0, 0, 1'", "'addition_K, 2, 3, 4, 1, 2'", "'multiplication_K, 0'", "'multiplication_K, 1, 1, 1'", "'multiplication_K, 2, 1, 0, 0, 1'", "'multiplication_K, 2, 3, 4, 1, 2'", "'truediv_K, 0'", "'truediv_K, 1, 1, 1'", "'truediv_K, 2, 1, 0, 0, 1'", "'truediv_K, 2, 3, 4, 1, 2'", "'floordiv_K, 0'", "'floordiv_K, 1, 1, 1'", "'floordiv_K, 2, 1, 0, 0, 1'", "'floordiv_K, 2, 3, 4, 1, 2'", "'arb_K, 0'", "'arb_K, 1, 1, 1'", "'arb_K, 2, 1, 0, 0, 1'", "'arb_K, 2, 3, 4, 1, 2'"]]}, "ElementBenchmark\u27e8RationalField\u27e9.track_time": {"result": [179.1244747239497, 179.23727286086134, 926.7677879792413, 2194.5295348048394, 908.5203162317445, 948.2897936115271, 2127.1416910828607, 14579.88584608933, 4444.278061902653, 4612.948406417674, 6796.282730844794, 111174.61760530052, 455.7150569051013, 464.21063574140095, 878.6709602004729, 11141.619837954966, 357.76462816755526, 366.59281067556304, 362.6570632719533, 3645.994588668971], "params": [["'addition_Q, 0'", "'addition_Q, 1, 1, 1'", "'addition_Q, 2, 1, 0, 0, 1'", "'addition_Q, 2, 3, 4, 1, 2'", "'multiplication_Q, 0'", "'multiplication_Q, 1, 1, 1'", "'multiplication_Q, 2, 1, 0, 0, 1'", "'multiplication_Q, 2, 3, 4, 1, 2'", "'truediv_Q, 0'", "'truediv_Q, 1, 1, 1'", "'truediv_Q, 2, 1, 0, 0, 1'", "'truediv_Q, 2, 3, 4, 1, 2'", "'floordiv_Q, 0'", "'floordiv_Q, 1, 1, 1'", "'floordiv_Q, 2, 1, 0, 0, 1'", "'floordiv_Q, 2, 3, 4, 1, 2'", "'arb_Q, 0'", "'arb_Q, 1, 1, 1'", "'arb_Q, 2, 1, 0, 0, 1'", "'arb_Q, 2, 3, 4, 1, 2'"]]}, "RandomRealNumberFixture.track_time": {"result": [32.186740533105, 31.495421792308253, 9.05908485221258, 53.53104709167845, 89.83860178366348, 438.1008538063891, 779.272795489666], "params": [["'Double'", "'arf, 16'", "'arf, 64'", "'arf, 512'", "'arf, 4096'", "'arf, 32768'", "'arf, 65536'"]]}}, "params": {"arch": "x86_64", "cpu": "Standard_DS2_v2", "machine": "Azure", "os": "Linux", "ram": "61830880", "python": "", "automake": "", "benchmark==1.5.0": "", "boost-cpp": "", "ccache": "", "coreutils": "", "cppasv": "", "cppyy": "", "cppyythonizations": "", "cxx-compiler": "", "e-antic": "", "fmt": "", "gmp": "", "gmpxxll": "", "gmpxxyy": "", "libflint": "", "libtool": "", "make": "", "ppl": "", "pytest": "", "setuptools": ""}, "requirements": {"automake": "", "benchmark==1.5.0": "", "boost-cpp": "", "ccache": "", "coreutils": "", "cppasv": "", "cppyy": "", "cppyythonizations": "", "cxx-compiler": "", "e-antic": "", "fmt": "", "gmp": "", "gmpxxll": "", "gmpxxyy": "", "libflint": "", "libtool": "", "make": "", "ppl": "", "pytest": "", "setuptools": ""}, "commit_hash": "39c33dac6c24f107ae9d28d433331e55d1dd3fba", "date": 1609150307000, "env_name": "conda-py-automake-benchmark==1.5.0-boost-cpp-ccache-coreutils-cppasv-cppyy-cppyythonizations-cxx-compiler-e-antic-fmt-gmp-gmpxxll-gmpxxyy-libflint-libtool-make-ppl-pytest-setuptools", "python": "", "profiles": {}, "started_at": {"ArbBenchmark.track_time": 1609150579474, "ElementBenchmark\u27e8IntegerRing\u27e9.track_time": 1609150603783, "ElementBenchmark\u27e8NumberField\u27e9.track_time": 1609150624175, "ElementBenchmark\u27e8RationalField\u27e9.track_time": 1609150641212, "RandomRealNumberFixture.track_time": 1609150662807}, "ended_at": {"ArbBenchmark.track_time": 1609150603782, "ElementBenchmark\u27e8IntegerRing\u27e9.track_time": 1609150624174, "ElementBenchmark\u27e8NumberField\u27e9.track_time": 1609150641211, "ElementBenchmark\u27e8RationalField\u27e9.track_time": 1609150662806, "RandomRealNumberFixture.track_time": 1609150669639}, "benchmark_version": {"ArbBenchmark.track_time": "0", "ElementBenchmark\u27e8IntegerRing\u27e9.track_time": "0", "ElementBenchmark\u27e8NumberField\u27e9.track_time": "0", "ElementBenchmark\u27e8RationalField\u27e9.track_time": "0", "RandomRealNumberFixture.track_time": "0"}, "version": 1}