{"results": {"ArbBenchmark.track_time": {"result": [null, 5.86094295479179, 6.019582197007493, 14.440847360488638, 276.13269436300277, 5.3559830267800494, 65.72425779591597, 8.023495984294673, 72.8699645571575, 10.078086273407843, 10.080938109860572, 59.81622049275546, 678.3345117165657, 60.02668535094568, 679.963020591581, 38.152696442246864, 502.94022534724223, 155.97359873297788, 29264.716078300156, 117.25733258498818, 28688.351715028686, 85.21953860875607, 28383.666436688305], "params": [["'Create'", "'CreateMove, 53, 10'", "'CreateMove, 65536, 1024'", "'CreateCopy, 53, 10'", "'CreateCopy, 65536, 1024'", "'Assign_C, 53, 10'", "'Assign_C, 65536, 1024'", "'Assign, 53, 10'", "'Assign, 65536, 1024'", "'AssignMove, 53, 10'", "'AssignMove, 65536, 1024'", "'Addition_Inplace_Yap, 53, 10'", "'Addition_Inplace_Yap, 65536, 1024'", "'Addition_Yap, 53, 10'", "'Addition_Yap, 65536, 1024'", "'Addition_C, 53, 10'", "'Addition_C, 65536, 1024'", "'Arithmetic_Yap, 53, 10'", "'Arithmetic_Yap, 65536, 1024'", "'Arithmetic_C, 53, 10'", "'Arithmetic_C, 65536, 1024'", "'Arithmetic_C_optimized, 53, 10'", "'Arithmetic_C_optimized, 65536, 1024'"]]}, "ElementBenchmark\u27e8IntegerRing\u27e9.track_time": {"result": [93.84943272443392, 93.89982379927713, 518.5568287615683, 967.7334900846735, 577.0942759844309, 617.6141981855851, 1444.982660890379, 10227.049160007002, 3145.856338508022, 3172.936324573703, 4956.32640317684, 69826.84423459244, 161.3332123625389, 161.4706145702573, 263.3624456119955, 9230.531352501024, 282.7208200817236, 292.80709174681334, 281.0847359906521, 3316.3189186600575], "params": [["'addition_Z, 0'", "'addition_Z, 1, 1, 1'", "'addition_Z, 2, 1, 0, 0, 1'", "'addition_Z, 2, 3, 4, 1, 2'", "'multiplication_Z, 0'", "'multiplication_Z, 1, 1, 1'", "'multiplication_Z, 2, 1, 0, 0, 1'", "'multiplication_Z, 2, 3, 4, 1, 2'", "'truediv_Z, 0'", "'truediv_Z, 1, 1, 1'", "'truediv_Z, 2, 1, 0, 0, 1'", "'truediv_Z, 2, 3, 4, 1, 2'", "'floordiv_Z, 0'", "'floordiv_Z, 1, 1, 1'", "'floordiv_Z, 2, 1, 0, 0, 1'", "'floordiv_Z, 2, 3, 4, 1, 2'", "'arb_Z, 0'", "'arb_Z, 1, 1, 1'", "'arb_Z, 2, 1, 0, 0, 1'", "'arb_Z, 2, 3, 4, 1, 2'"]]}, "ElementBenchmark\u27e8NumberField\u27e9.track_time": {"result": [147.885479641802, 148.80616912741814, 802.5943915473293, 1573.2026007231866, 1120.3214912845253, 1115.0309877794225, 2182.344115282717, 13978.28796757104, 5314.836561607163, 5267.397325218829, 7522.298930124425, 107494.07808641976, 544.4866591617516, 546.7384337367407, 972.4488241768679, 14214.760490910547, 501.04746, 506.9317818509206, 484.48730864341076, 5154.79351], "params": [["'addition_K, 0'", "'addition_K, 1, 1, 1'", "'addition_K, 2, 1, 0, 0, 1'", "'addition_K, 2, 3, 4, 1, 2'", "'multiplication_K, 0'", "'multiplication_K, 1, 1, 1'", "'multiplication_K, 2, 1, 0, 0, 1'", "'multiplication_K, 2, 3, 4, 1, 2'", "'truediv_K, 0'", "'truediv_K, 1, 1, 1'", "'truediv_K, 2, 1, 0, 0, 1'", "'truediv_K, 2, 3, 4, 1, 2'", "'floordiv_K, 0'", "'floordiv_K, 1, 1, 1'", "'floordiv_K, 2, 1, 0, 0, 1'", "'floordiv_K, 2, 3, 4, 1, 2'", "'arb_K, 0'", "'arb_K, 1, 1, 1'", "'arb_K, 2, 1, 0, 0, 1'", "'arb_K, 2, 3, 4, 1, 2'"]]}, "ElementBenchmark\u27e8RationalField\u27e9.track_time": {"result": [180.23780710913127, 180.5612044342, 915.8425973093982, 2143.9691096716115, 893.3427932005058, 907.904337669357, 2138.548781896206, 14553.583077306319, 4348.937915619578, 4300.948714660805, 6690.029849311909, 109828.23714733544, 453.21985223116405, 462.52034753846516, 861.7108399220101, 11678.989408562238, 342.3055857494566, 344.0721910250484, 342.5193268137901, 4011.291136236027], "params": [["'addition_Q, 0'", "'addition_Q, 1, 1, 1'", "'addition_Q, 2, 1, 0, 0, 1'", "'addition_Q, 2, 3, 4, 1, 2'", "'multiplication_Q, 0'", "'multiplication_Q, 1, 1, 1'", "'multiplication_Q, 2, 1, 0, 0, 1'", "'multiplication_Q, 2, 3, 4, 1, 2'", "'truediv_Q, 0'", "'truediv_Q, 1, 1, 1'", "'truediv_Q, 2, 1, 0, 0, 1'", "'truediv_Q, 2, 3, 4, 1, 2'", "'floordiv_Q, 0'", "'floordiv_Q, 1, 1, 1'", "'floordiv_Q, 2, 1, 0, 0, 1'", "'floordiv_Q, 2, 3, 4, 1, 2'", "'arb_Q, 0'", "'arb_Q, 1, 1, 1'", "'arb_Q, 2, 1, 0, 0, 1'", "'arb_Q, 2, 3, 4, 1, 2'"]]}, "RandomRealNumberFixture.track_time": {"result": [35.47094498987876, 33.10593525012281, 10.049583715437938, 48.661658412609654, 68.0854366905925, 269.42870225189256, 439.76371138840847], "params": [["'Double'", "'arf, 16'", "'arf, 64'", "'arf, 512'", "'arf, 4096'", "'arf, 32768'", "'arf, 65536'"]]}}, "params": {"arch": "x86_64", "cpu": "Standard_DS2_v2", "machine": "Azure", "os": "Linux", "ram": "61830880", "python": "", "automake": "", "benchmark==1.5.0": "", "boost-cpp": "", "ccache": "", "coreutils": "", "cppasv": "", "cppyy": "", "cppyythonizations": "", "cxx-compiler": "", "e-antic": "", "fmt": "", "gmp": "", "gmpxxll": "", "gmpxxyy": "", "libflint": "", "libtool": "", "make": "", "ppl": "", "pytest": "", "setuptools": ""}, "requirements": {"automake": "", "benchmark==1.5.0": "", "boost-cpp": "", "ccache": "", "coreutils": "", "cppasv": "", "cppyy": "", "cppyythonizations": "", "cxx-compiler": "", "e-antic": "", "fmt": "", "gmp": "", "gmpxxll": "", "gmpxxyy": "", "libflint": "", "libtool": "", "make": "", "ppl": "", "pytest": "", "setuptools": ""}, "commit_hash": "3ecaf6f98108e82f3122661bde43ace4f9ee7048", "date": 1610980197000, "env_name": "conda-py-automake-benchmark==1.5.0-boost-cpp-ccache-coreutils-cppasv-cppyy-cppyythonizations-cxx-compiler-e-antic-fmt-gmp-gmpxxll-gmpxxyy-libflint-libtool-make-ppl-pytest-setuptools", "python": "", "profiles": {}, "started_at": {"ArbBenchmark.track_time": 1610980487116, "ElementBenchmark\u27e8IntegerRing\u27e9.track_time": 1610980510927, "ElementBenchmark\u27e8NumberField\u27e9.track_time": 1610980530718, "ElementBenchmark\u27e8RationalField\u27e9.track_time": 1610980548001, "RandomRealNumberFixture.track_time": 1610980569648}, "ended_at": {"ArbBenchmark.track_time": 1610980510926, "ElementBenchmark\u27e8IntegerRing\u27e9.track_time": 1610980530717, "ElementBenchmark\u27e8NumberField\u27e9.track_time": 1610980548000, "ElementBenchmark\u27e8RationalField\u27e9.track_time": 1610980569648, "RandomRealNumberFixture.track_time": 1610980577182}, "benchmark_version": {"ArbBenchmark.track_time": "0", "ElementBenchmark\u27e8IntegerRing\u27e9.track_time": "0", "ElementBenchmark\u27e8NumberField\u27e9.track_time": "0", "ElementBenchmark\u27e8RationalField\u27e9.track_time": "0", "RandomRealNumberFixture.track_time": "0"}, "version": 1}