{"results": {"ArbBenchmark.track_time": {"result": [null, 5.862294830757185, 5.861487010370824, 14.437211762412975, 276.6495766411581, 5.353766101862823, 64.16394757220093, 8.030232513430942, 73.36610679230688, 10.195668479420393, 10.078544433543438, 60.02827595899681, 680.1170899790693, 59.90342705932373, 682.6041500805936, 38.197090551610685, 496.84311908003366, 155.70173732512328, 29270.1556039173, 116.74901523143208, 28721.04259196474, 85.18414371874995, 28230.72543643914], "params": [["'Create'", "'CreateMove, 53, 10'", "'CreateMove, 65536, 1024'", "'CreateCopy, 53, 10'", "'CreateCopy, 65536, 1024'", "'Assign_C, 53, 10'", "'Assign_C, 65536, 1024'", "'Assign, 53, 10'", "'Assign, 65536, 1024'", "'AssignMove, 53, 10'", "'AssignMove, 65536, 1024'", "'Addition_Inplace_Yap, 53, 10'", "'Addition_Inplace_Yap, 65536, 1024'", "'Addition_Yap, 53, 10'", "'Addition_Yap, 65536, 1024'", "'Addition_C, 53, 10'", "'Addition_C, 65536, 1024'", "'Arithmetic_Yap, 53, 10'", "'Arithmetic_Yap, 65536, 1024'", "'Arithmetic_C, 53, 10'", "'Arithmetic_C, 65536, 1024'", "'Arithmetic_C_optimized, 53, 10'", "'Arithmetic_C_optimized, 65536, 1024'"]]}, "ElementBenchmark\u27e8IntegerRing\u27e9.track_time": {"result": [93.91506948470972, 93.60106571964582, 518.137543304364, 967.963506321745, 604.0891930046319, 597.6385453021283, 1493.5395702801159, 10360.534458488302, 3230.817904910115, 3151.072909490691, 4841.345240157026, 69810.22457922518, 166.65831045893668, 161.41657103141353, 263.5687064602493, 8960.34266507617, 280.8527783262777, 284.4376583364643, 296.86486537848197, 3377.3558162445765], "params": [["'addition_Z, 0'", "'addition_Z, 1, 1, 1'", "'addition_Z, 2, 1, 0, 0, 1'", "'addition_Z, 2, 3, 4, 1, 2'", "'multiplication_Z, 0'", "'multiplication_Z, 1, 1, 1'", "'multiplication_Z, 2, 1, 0, 0, 1'", "'multiplication_Z, 2, 3, 4, 1, 2'", "'truediv_Z, 0'", "'truediv_Z, 1, 1, 1'", "'truediv_Z, 2, 1, 0, 0, 1'", "'truediv_Z, 2, 3, 4, 1, 2'", "'floordiv_Z, 0'", "'floordiv_Z, 1, 1, 1'", "'floordiv_Z, 2, 1, 0, 0, 1'", "'floordiv_Z, 2, 3, 4, 1, 2'", "'arb_Z, 0'", "'arb_Z, 1, 1, 1'", "'arb_Z, 2, 1, 0, 0, 1'", "'arb_Z, 2, 3, 4, 1, 2'"]]}, "ElementBenchmark\u27e8NumberField\u27e9.track_time": {"result": [147.77765689560562, 157.0196107810009, 787.6404977398456, 1546.8661050324406, 1197.7907625976623, 1102.5327651551102, 2169.938338600218, 14014.260395062724, 5223.699891158108, 5310.135641209558, 8017.164260622966, 109177.36551400406, 552.8586538065887, 545.4838316163324, 1010.9208817810118, 14139.064173489713, 485.6315907075773, 498.28297595795203, 484.64853125612444, 5337.626420000001], "params": [["'addition_K, 0'", "'addition_K, 1, 1, 1'", "'addition_K, 2, 1, 0, 0, 1'", "'addition_K, 2, 3, 4, 1, 2'", "'multiplication_K, 0'", "'multiplication_K, 1, 1, 1'", "'multiplication_K, 2, 1, 0, 0, 1'", "'multiplication_K, 2, 3, 4, 1, 2'", "'truediv_K, 0'", "'truediv_K, 1, 1, 1'", "'truediv_K, 2, 1, 0, 0, 1'", "'truediv_K, 2, 3, 4, 1, 2'", "'floordiv_K, 0'", "'floordiv_K, 1, 1, 1'", "'floordiv_K, 2, 1, 0, 0, 1'", "'floordiv_K, 2, 3, 4, 1, 2'", "'arb_K, 0'", "'arb_K, 1, 1, 1'", "'arb_K, 2, 1, 0, 0, 1'", "'arb_K, 2, 3, 4, 1, 2'"]]}, "ElementBenchmark\u27e8RationalField\u27e9.track_time": {"result": [180.58157609159463, 182.51635830813558, 917.3259915440324, 2296.6561758305343, 897.7133927265559, 947.4827323812563, 2150.6340400550926, 14508.960093459878, 4314.660995527306, 4300.860931249731, 6642.74159871189, 109449.50669364883, 481.68907922757893, 462.18363917794085, 862.7714437192321, 11872.457904402476, 350.405637904126, 342.4682131160135, 344.10220990691784, 3995.211200432925], "params": [["'addition_Q, 0'", "'addition_Q, 1, 1, 1'", "'addition_Q, 2, 1, 0, 0, 1'", "'addition_Q, 2, 3, 4, 1, 2'", "'multiplication_Q, 0'", "'multiplication_Q, 1, 1, 1'", "'multiplication_Q, 2, 1, 0, 0, 1'", "'multiplication_Q, 2, 3, 4, 1, 2'", "'truediv_Q, 0'", "'truediv_Q, 1, 1, 1'", "'truediv_Q, 2, 1, 0, 0, 1'", "'truediv_Q, 2, 3, 4, 1, 2'", "'floordiv_Q, 0'", "'floordiv_Q, 1, 1, 1'", "'floordiv_Q, 2, 1, 0, 0, 1'", "'floordiv_Q, 2, 3, 4, 1, 2'", "'arb_Q, 0'", "'arb_Q, 1, 1, 1'", "'arb_Q, 2, 1, 0, 0, 1'", "'arb_Q, 2, 3, 4, 1, 2'"]]}, "RandomRealNumberFixture.track_time": {"result": [35.49434938459701, 33.044702549542514, 10.152526698874134, 48.79711931072815, 68.20385457006181, 268.8607013587948, 439.4834028112997], "params": [["'Double'", "'arf, 16'", "'arf, 64'", "'arf, 512'", "'arf, 4096'", "'arf, 32768'", "'arf, 65536'"]]}}, "params": {"arch": "x86_64", "cpu": "Standard_DS2_v2", "machine": "Azure", "os": "Linux", "ram": "61830880", "python": "", "automake": "", "benchmark==1.5.0": "", "boost-cpp": "", "ccache": "", "coreutils": "", "cppasv": "", "cppyy": "", "cppyythonizations": "", "cxx-compiler": "", "e-antic": "", "fmt": "", "gmp": "", "gmpxxll": "", "gmpxxyy": "", "libflint": "", "libtool": "", "make": "", "ppl": "", "pytest": "", "setuptools": ""}, "requirements": {"automake": "", "benchmark==1.5.0": "", "boost-cpp": "", "ccache": "", "coreutils": "", "cppasv": "", "cppyy": "", "cppyythonizations": "", "cxx-compiler": "", "e-antic": "", "fmt": "", "gmp": "", "gmpxxll": "", "gmpxxyy": "", "libflint": "", "libtool": "", "make": "", "ppl": "", "pytest": "", "setuptools": ""}, "commit_hash": "44118a6cc20f18627ce323bd8b214f4839515e16", "date": 1610805702000, "env_name": "conda-py-automake-benchmark==1.5.0-boost-cpp-ccache-coreutils-cppasv-cppyy-cppyythonizations-cxx-compiler-e-antic-fmt-gmp-gmpxxll-gmpxxyy-libflint-libtool-make-ppl-pytest-setuptools", "python": "", "profiles": {}, "started_at": {"ArbBenchmark.track_time": 1610805995973, "ElementBenchmark\u27e8IntegerRing\u27e9.track_time": 1610806019783, "ElementBenchmark\u27e8NumberField\u27e9.track_time": 1610806039627, "ElementBenchmark\u27e8RationalField\u27e9.track_time": 1610806058014, "RandomRealNumberFixture.track_time": 1610806079063}, "ended_at": {"ArbBenchmark.track_time": 1610806019782, "ElementBenchmark\u27e8IntegerRing\u27e9.track_time": 1610806039626, "ElementBenchmark\u27e8NumberField\u27e9.track_time": 1610806058014, "ElementBenchmark\u27e8RationalField\u27e9.track_time": 1610806079062, "RandomRealNumberFixture.track_time": 1610806086596}, "benchmark_version": {"ArbBenchmark.track_time": "0", "ElementBenchmark\u27e8IntegerRing\u27e9.track_time": "0", "ElementBenchmark\u27e8NumberField\u27e9.track_time": "0", "ElementBenchmark\u27e8RationalField\u27e9.track_time": "0", "RandomRealNumberFixture.track_time": "0"}, "version": 1}