{"results": {"ArbBenchmark.track_time": {"result": [null, 7.036310903829233, 7.037031333114327, 17.34272709801922, 324.82385577016134, 6.458716769019525, 77.09663192891452, 9.581869540313669, 79.9313285077075, 12.21280678922713, 12.108431108233747, 71.81152293800314, 818.8184426118089, 71.84228228495033, 809.7728185600386, 45.9834947490357, 626.719564553071, 185.26123243736916, 34868.948959365705, 140.6167028810224, 34191.55218345938, 101.7779927055436, 33749.28731253315], "params": [["'Create'", "'CreateMove, 53, 10'", "'CreateMove, 65536, 1024'", "'CreateCopy, 53, 10'", "'CreateCopy, 65536, 1024'", "'Assign_C, 53, 10'", "'Assign_C, 65536, 1024'", "'Assign, 53, 10'", "'Assign, 65536, 1024'", "'AssignMove, 53, 10'", "'AssignMove, 65536, 1024'", "'Addition_Inplace_Yap, 53, 10'", "'Addition_Inplace_Yap, 65536, 1024'", "'Addition_Yap, 53, 10'", "'Addition_Yap, 65536, 1024'", "'Addition_C, 53, 10'", "'Addition_C, 65536, 1024'", "'Arithmetic_Yap, 53, 10'", "'Arithmetic_Yap, 65536, 1024'", "'Arithmetic_C, 53, 10'", "'Arithmetic_C, 65536, 1024'", "'Arithmetic_C_optimized, 53, 10'", "'Arithmetic_C_optimized, 65536, 1024'"]]}, "ElementBenchmark\u27e8IntegerRing\u27e9.track_time": {"result": [113.04786831322951, 113.42533356536532, 620.114692757508, 1172.908617898384, 683.1104334599572, 716.0184219488424, 1756.0407376471444, 12285.596378311619, 3751.861949005587, 3779.5728004739726, 5457.6106215533555, 83675.06872236166, 194.3938801481762, 193.99226790288725, 315.3993829417305, 10939.583134196011, 337.3647192604678, 343.86799899378934, 339.2422227672403, 3974.959049621487], "params": [["'addition_Z, 0'", "'addition_Z, 1, 1, 1'", "'addition_Z, 2, 1, 0, 0, 1'", "'addition_Z, 2, 3, 4, 1, 2'", "'multiplication_Z, 0'", "'multiplication_Z, 1, 1, 1'", "'multiplication_Z, 2, 1, 0, 0, 1'", "'multiplication_Z, 2, 3, 4, 1, 2'", "'truediv_Z, 0'", "'truediv_Z, 1, 1, 1'", "'truediv_Z, 2, 1, 0, 0, 1'", "'truediv_Z, 2, 3, 4, 1, 2'", "'floordiv_Z, 0'", "'floordiv_Z, 1, 1, 1'", "'floordiv_Z, 2, 1, 0, 0, 1'", "'floordiv_Z, 2, 3, 4, 1, 2'", "'arb_Z, 0'", "'arb_Z, 1, 1, 1'", "'arb_Z, 2, 1, 0, 0, 1'", "'arb_Z, 2, 3, 4, 1, 2'"]]}, "ElementBenchmark\u27e8NumberField\u27e9.track_time": {"result": [178.00421524135388, 178.67047106168368, 955.0145438106332, 1837.2603299019443, 1323.1996778665875, 1269.5715594823023, 2636.453933243342, 16532.397269349996, 6281.822726615846, 6232.665276864751, 9296.623116587425, 127777.10616061608, 657.3231061746766, 665.8860633244543, 1241.377134707987, 17234.790856830004, 596.9032292123517, 595.9048984531426, 599.9181146825073, 6223.692820000001], "params": [["'addition_K, 0'", "'addition_K, 1, 1, 1'", "'addition_K, 2, 1, 0, 0, 1'", "'addition_K, 2, 3, 4, 1, 2'", "'multiplication_K, 0'", "'multiplication_K, 1, 1, 1'", "'multiplication_K, 2, 1, 0, 0, 1'", "'multiplication_K, 2, 3, 4, 1, 2'", "'truediv_K, 0'", "'truediv_K, 1, 1, 1'", "'truediv_K, 2, 1, 0, 0, 1'", "'truediv_K, 2, 3, 4, 1, 2'", "'floordiv_K, 0'", "'floordiv_K, 1, 1, 1'", "'floordiv_K, 2, 1, 0, 0, 1'", "'floordiv_K, 2, 3, 4, 1, 2'", "'arb_K, 0'", "'arb_K, 1, 1, 1'", "'arb_K, 2, 1, 0, 0, 1'", "'arb_K, 2, 3, 4, 1, 2'"]]}, "ElementBenchmark\u27e8RationalField\u27e9.track_time": {"result": [218.10039506902595, 217.8089516030228, 1109.398101997888, 2583.2149104186124, 1102.0723324310588, 1129.6209153747764, 2581.309264636575, 17283.266681505665, 5288.978615476428, 5158.221954831544, 8115.679741770786, 130835.61256133464, 574.6317237475419, 547.2373015151552, 1033.2684617096354, 13986.733334644663, 412.1999098723932, 417.29345817066843, 409.945556239497, 4771.216501580292], "params": [["'addition_Q, 0'", "'addition_Q, 1, 1, 1'", "'addition_Q, 2, 1, 0, 0, 1'", "'addition_Q, 2, 3, 4, 1, 2'", "'multiplication_Q, 0'", "'multiplication_Q, 1, 1, 1'", "'multiplication_Q, 2, 1, 0, 0, 1'", "'multiplication_Q, 2, 3, 4, 1, 2'", "'truediv_Q, 0'", "'truediv_Q, 1, 1, 1'", "'truediv_Q, 2, 1, 0, 0, 1'", "'truediv_Q, 2, 3, 4, 1, 2'", "'floordiv_Q, 0'", "'floordiv_Q, 1, 1, 1'", "'floordiv_Q, 2, 1, 0, 0, 1'", "'floordiv_Q, 2, 3, 4, 1, 2'", "'arb_Q, 0'", "'arb_Q, 1, 1, 1'", "'arb_Q, 2, 1, 0, 0, 1'", "'arb_Q, 2, 3, 4, 1, 2'"]]}, "RandomRealNumberFixture.track_time": {"result": [42.46672906736631, 39.745256918827224, 12.061236070913402, 58.70704550533471, 81.26591097817116, 322.3335716515638, 528.253922206735], "params": [["'Double'", "'arf, 16'", "'arf, 64'", "'arf, 512'", "'arf, 4096'", "'arf, 32768'", "'arf, 65536'"]]}}, "params": {"arch": "x86_64", "cpu": "Standard_DS2_v2", "machine": "Azure", "os": "Linux", "ram": "61830880", "python": "", "automake": "", "benchmark==1.5.0": "", "boost-cpp": "", "ccache": "", "coreutils": "", "cppasv": "", "cppyy": "", "cppyythonizations": "", "cxx-compiler": "", "e-antic": "", "fmt": "", "gmp": "", "gmpxxll": "", "gmpxxyy": "", "libflint": "", "libtool": "", "make": "", "ppl": "", "pytest": "", "setuptools": ""}, "requirements": {"automake": "", "benchmark==1.5.0": "", "boost-cpp": "", "ccache": "", "coreutils": "", "cppasv": "", "cppyy": "", "cppyythonizations": "", "cxx-compiler": "", "e-antic": "", "fmt": "", "gmp": "", "gmpxxll": "", "gmpxxyy": "", "libflint": "", "libtool": "", "make": "", "ppl": "", "pytest": "", "setuptools": ""}, "commit_hash": "4af152445a7d7853dd1648fca63c986c659e46fc", "date": 1610806065000, "env_name": "conda-py-automake-benchmark==1.5.0-boost-cpp-ccache-coreutils-cppasv-cppyy-cppyythonizations-cxx-compiler-e-antic-fmt-gmp-gmpxxll-gmpxxyy-libflint-libtool-make-ppl-pytest-setuptools", "python": "", "profiles": {}, "started_at": {"ArbBenchmark.track_time": 1610806365348, "ElementBenchmark\u27e8IntegerRing\u27e9.track_time": 1610806390167, "ElementBenchmark\u27e8NumberField\u27e9.track_time": 1610806410821, "ElementBenchmark\u27e8RationalField\u27e9.track_time": 1610806428368, "RandomRealNumberFixture.track_time": 1610806448619}, "ended_at": {"ArbBenchmark.track_time": 1610806390165, "ElementBenchmark\u27e8IntegerRing\u27e9.track_time": 1610806410821, "ElementBenchmark\u27e8NumberField\u27e9.track_time": 1610806428367, "ElementBenchmark\u27e8RationalField\u27e9.track_time": 1610806448618, "RandomRealNumberFixture.track_time": 1610806455452}, "benchmark_version": {"ArbBenchmark.track_time": "0", "ElementBenchmark\u27e8IntegerRing\u27e9.track_time": "0", "ElementBenchmark\u27e8NumberField\u27e9.track_time": "0", "ElementBenchmark\u27e8RationalField\u27e9.track_time": "0", "RandomRealNumberFixture.track_time": "0"}, "version": 1}