{"results": {"ArbBenchmark.track_time": {"result": [null, 5.695605697716791, 5.698575095584373, 14.387527124960814, 186.85021519318025, 5.690252192876837, 42.62641328599253, 8.136780088787438, 44.26737472834072, 10.079855361406526, 10.078673449165404, 61.05711148627659, 614.3712507675699, 61.52462200093645, 615.6883000096703, 41.12526278364951, 481.7615789198601, 149.89239912605515, 29081.65644886245, 113.92527213919902, 28636.92752852644, 89.12324581603085, 28394.1598427112], "params": [["'Create'", "'CreateMove, 53, 10'", "'CreateMove, 65536, 1024'", "'CreateCopy, 53, 10'", "'CreateCopy, 65536, 1024'", "'Assign_C, 53, 10'", "'Assign_C, 65536, 1024'", "'Assign, 53, 10'", "'Assign, 65536, 1024'", "'AssignMove, 53, 10'", "'AssignMove, 65536, 1024'", "'Addition_Inplace_Yap, 53, 10'", "'Addition_Inplace_Yap, 65536, 1024'", "'Addition_Yap, 53, 10'", "'Addition_Yap, 65536, 1024'", "'Addition_C, 53, 10'", "'Addition_C, 65536, 1024'", "'Arithmetic_Yap, 53, 10'", "'Arithmetic_Yap, 65536, 1024'", "'Arithmetic_C, 53, 10'", "'Arithmetic_C, 65536, 1024'", "'Arithmetic_C_optimized, 53, 10'", "'Arithmetic_C_optimized, 65536, 1024'"]]}, "ElementBenchmark\u27e8IntegerRing\u27e9.track_time": {"result": [90.92601438743445, 91.45135356811302, 536.1514372778295, 1014.8542514855043, 581.7290757296489, 602.4253531559809, 1497.9278065354858, 10260.25394855429, 3220.085825658166, 3200.232849287643, 4752.861923118835, 70573.49862567443, 161.6593437250008, 161.5616341283981, 259.8910598178848, 8972.203189170004, 284.3889423842631, 284.6287647193179, 284.94615807514765, 3399.4695189794525], "params": [["'addition_Z, 0'", "'addition_Z, 1, 1, 1'", "'addition_Z, 2, 1, 0, 0, 1'", "'addition_Z, 2, 3, 4, 1, 2'", "'multiplication_Z, 0'", "'multiplication_Z, 1, 1, 1'", "'multiplication_Z, 2, 1, 0, 0, 1'", "'multiplication_Z, 2, 3, 4, 1, 2'", "'truediv_Z, 0'", "'truediv_Z, 1, 1, 1'", "'truediv_Z, 2, 1, 0, 0, 1'", "'truediv_Z, 2, 3, 4, 1, 2'", "'floordiv_Z, 0'", "'floordiv_Z, 1, 1, 1'", "'floordiv_Z, 2, 1, 0, 0, 1'", "'floordiv_Z, 2, 3, 4, 1, 2'", "'arb_Z, 0'", "'arb_Z, 1, 1, 1'", "'arb_Z, 2, 1, 0, 0, 1'", "'arb_Z, 2, 3, 4, 1, 2'"]]}, "ElementBenchmark\u27e8NumberField\u27e9.track_time": {"result": [140.55923010197088, 138.78039609232923, 790.5711291806092, 1441.7369653174449, 915.1607236870468, 898.4100468875239, 2024.491706860058, 13696.10373041187, 4658.066172234058, 4610.591994018142, 6928.119805416308, 98808.11185682328, 509.6968634714368, 512.8786472395257, 867.9113564660294, 14179.798679409902, 510.60978906051815, 513.5136422060576, 522.9057318867063, 5658.64404], "params": [["'addition_K, 0'", "'addition_K, 1, 1, 1'", "'addition_K, 2, 1, 0, 0, 1'", "'addition_K, 2, 3, 4, 1, 2'", "'multiplication_K, 0'", "'multiplication_K, 1, 1, 1'", "'multiplication_K, 2, 1, 0, 0, 1'", "'multiplication_K, 2, 3, 4, 1, 2'", "'truediv_K, 0'", "'truediv_K, 1, 1, 1'", "'truediv_K, 2, 1, 0, 0, 1'", "'truediv_K, 2, 3, 4, 1, 2'", "'floordiv_K, 0'", "'floordiv_K, 1, 1, 1'", "'floordiv_K, 2, 1, 0, 0, 1'", "'floordiv_K, 2, 3, 4, 1, 2'", "'arb_K, 0'", "'arb_K, 1, 1, 1'", "'arb_K, 2, 1, 0, 0, 1'", "'arb_K, 2, 3, 4, 1, 2'"]]}, "ElementBenchmark\u27e8RationalField\u27e9.track_time": {"result": [180.64686177300845, 179.23014044160163, 912.7273526504708, 2161.4594062815127, 989.8775791193539, 1023.0370181088433, 2230.4111373538985, 14877.502668409885, 4481.3410738906205, 4463.388351621696, 6843.976462683079, 110133.18973954223, 451.7450504649075, 460.9686333861901, 865.1942942247642, 11947.51327286621, 350.44093215713167, 349.1628422004648, 355.9560824270328, 4146.174104177615], "params": [["'addition_Q, 0'", "'addition_Q, 1, 1, 1'", "'addition_Q, 2, 1, 0, 0, 1'", "'addition_Q, 2, 3, 4, 1, 2'", "'multiplication_Q, 0'", "'multiplication_Q, 1, 1, 1'", "'multiplication_Q, 2, 1, 0, 0, 1'", "'multiplication_Q, 2, 3, 4, 1, 2'", "'truediv_Q, 0'", "'truediv_Q, 1, 1, 1'", "'truediv_Q, 2, 1, 0, 0, 1'", "'truediv_Q, 2, 3, 4, 1, 2'", "'floordiv_Q, 0'", "'floordiv_Q, 1, 1, 1'", "'floordiv_Q, 2, 1, 0, 0, 1'", "'floordiv_Q, 2, 3, 4, 1, 2'", "'arb_Q, 0'", "'arb_Q, 1, 1, 1'", "'arb_Q, 2, 1, 0, 0, 1'", "'arb_Q, 2, 3, 4, 1, 2'"]]}, "RandomRealNumberFixture.track_time": {"result": [35.4705958348733, 33.088911640458626, 10.080305735483858, 50.72512377311566, 69.2183635919043, 268.98628056573637, 441.81634109435737], "params": [["'Double'", "'arf, 16'", "'arf, 64'", "'arf, 512'", "'arf, 4096'", "'arf, 32768'", "'arf, 65536'"]]}}, "params": {"arch": "x86_64", "cpu": "Standard_DS2_v2", "machine": "Azure", "os": "Linux", "ram": "61830880", "python": "", "automake": "", "benchmark==1.5.0": "", "boost-cpp": "", "ccache": "", "coreutils": "", "cppasv": "", "cppyy": "", "cppyythonizations": "", "cxx-compiler": "", "e-antic": "", "gmp": "", "gmpxxll": "", "gmpxxyy": "", "libflint": "", "libtool": "", "make": "", "ppl": "", "pytest": "", "setuptools": ""}, "requirements": {"automake": "", "benchmark==1.5.0": "", "boost-cpp": "", "ccache": "", "coreutils": "", "cppasv": "", "cppyy": "", "cppyythonizations": "", "cxx-compiler": "", "e-antic": "", "gmp": "", "gmpxxll": "", "gmpxxyy": "", "libflint": "", "libtool": "", "make": "", "ppl": "", "pytest": "", "setuptools": ""}, "commit_hash": "54011fda3f0b726c6673fdcf887d16ef7d352255", "date": 1636369204000, "env_name": "conda-py-automake-benchmark==1.5.0-boost-cpp-ccache-coreutils-cppasv-cppyy-cppyythonizations-cxx-compiler-e-antic-gmp-gmpxxll-gmpxxyy-libflint-libtool-make-ppl-pytest-setuptools", "python": "", "profiles": {}, "started_at": {"ArbBenchmark.track_time": 1636369512450, "ElementBenchmark\u27e8IntegerRing\u27e9.track_time": 1636369537516, "ElementBenchmark\u27e8NumberField\u27e9.track_time": 1636369557864, "ElementBenchmark\u27e8RationalField\u27e9.track_time": 1636369575603, "RandomRealNumberFixture.track_time": 1636369597306}, "ended_at": {"ArbBenchmark.track_time": 1636369537515, "ElementBenchmark\u27e8IntegerRing\u27e9.track_time": 1636369557863, "ElementBenchmark\u27e8NumberField\u27e9.track_time": 1636369575602, "ElementBenchmark\u27e8RationalField\u27e9.track_time": 1636369597305, "RandomRealNumberFixture.track_time": 1636369604389}, "benchmark_version": {"ArbBenchmark.track_time": "0", "ElementBenchmark\u27e8IntegerRing\u27e9.track_time": "0", "ElementBenchmark\u27e8NumberField\u27e9.track_time": "0", "ElementBenchmark\u27e8RationalField\u27e9.track_time": "0", "RandomRealNumberFixture.track_time": "0"}, "version": 1}