{"results": {"ArbBenchmark.track_time": {"result": [null, 5.7019135036146755, 5.697576360569662, 14.084967172593146, 186.3656960020255, 5.69196954518713, 41.99253609871184, 8.103615473105677, 44.41742486758548, 10.0826992891444, 10.082038224625261, 61.10981707715191, 601.4552398763104, 64.08322843844876, 603.9826888887928, 40.54120840881124, 445.90693058076226, 151.55563969182745, 29207.29191222571, 113.62541547603587, 28671.38511273888, 88.7996665469558, 28210.000725513903], "params": [["'Create'", "'CreateMove, 53, 10'", "'CreateMove, 65536, 1024'", "'CreateCopy, 53, 10'", "'CreateCopy, 65536, 1024'", "'Assign_C, 53, 10'", "'Assign_C, 65536, 1024'", "'Assign, 53, 10'", "'Assign, 65536, 1024'", "'AssignMove, 53, 10'", "'AssignMove, 65536, 1024'", "'Addition_Inplace_Yap, 53, 10'", "'Addition_Inplace_Yap, 65536, 1024'", "'Addition_Yap, 53, 10'", "'Addition_Yap, 65536, 1024'", "'Addition_C, 53, 10'", "'Addition_C, 65536, 1024'", "'Arithmetic_Yap, 53, 10'", "'Arithmetic_Yap, 65536, 1024'", "'Arithmetic_C, 53, 10'", "'Arithmetic_C, 65536, 1024'", "'Arithmetic_C_optimized, 53, 10'", "'Arithmetic_C_optimized, 65536, 1024'"]]}, "ElementBenchmark\u27e8IntegerRing\u27e9.track_time": {"result": [90.66276447329706, 90.47940548480494, 536.9119396858551, 1077.6815781360792, 615.0366213727856, 705.1157226723789, 1499.9264338241614, 10348.508991411189, 3169.921030729979, 3145.395956384479, 4716.418345486615, 70677.89023521026, 159.08464706035122, 159.96371835446638, 259.25389180206156, 8925.15914602135, 287.58327829823145, 286.5363624714123, 289.91803131320074, 3342.2892259880255], "params": [["'addition_Z, 0'", "'addition_Z, 1, 1, 1'", "'addition_Z, 2, 1, 0, 0, 1'", "'addition_Z, 2, 3, 4, 1, 2'", "'multiplication_Z, 0'", "'multiplication_Z, 1, 1, 1'", "'multiplication_Z, 2, 1, 0, 0, 1'", "'multiplication_Z, 2, 3, 4, 1, 2'", "'truediv_Z, 0'", "'truediv_Z, 1, 1, 1'", "'truediv_Z, 2, 1, 0, 0, 1'", "'truediv_Z, 2, 3, 4, 1, 2'", "'floordiv_Z, 0'", "'floordiv_Z, 1, 1, 1'", "'floordiv_Z, 2, 1, 0, 0, 1'", "'floordiv_Z, 2, 3, 4, 1, 2'", "'arb_Z, 0'", "'arb_Z, 1, 1, 1'", "'arb_Z, 2, 1, 0, 0, 1'", "'arb_Z, 2, 3, 4, 1, 2'"]]}, "ElementBenchmark\u27e8NumberField\u27e9.track_time": {"result": [140.36141534634484, 140.84911486026914, 759.2139316951271, 1468.1860299283994, 847.1634010573435, 854.710015373296, 2040.009428867385, 13389.593901314272, 4687.5205404026165, 4802.75342521667, 7056.3349998998065, 101524.09817549956, 487.63201018177995, 515.7494106254236, 913.2716656481683, 14777.54000833507, 527.8575171403728, 523.4755176112714, 540.7411604157769, 5478.49601], "params": [["'addition_K, 0'", "'addition_K, 1, 1, 1'", "'addition_K, 2, 1, 0, 0, 1'", "'addition_K, 2, 3, 4, 1, 2'", "'multiplication_K, 0'", "'multiplication_K, 1, 1, 1'", "'multiplication_K, 2, 1, 0, 0, 1'", "'multiplication_K, 2, 3, 4, 1, 2'", "'truediv_K, 0'", "'truediv_K, 1, 1, 1'", "'truediv_K, 2, 1, 0, 0, 1'", "'truediv_K, 2, 3, 4, 1, 2'", "'floordiv_K, 0'", "'floordiv_K, 1, 1, 1'", "'floordiv_K, 2, 1, 0, 0, 1'", "'floordiv_K, 2, 3, 4, 1, 2'", "'arb_K, 0'", "'arb_K, 1, 1, 1'", "'arb_K, 2, 1, 0, 0, 1'", "'arb_K, 2, 3, 4, 1, 2'"]]}, "ElementBenchmark\u27e8RationalField\u27e9.track_time": {"result": [175.5459211103054, 175.6479386265201, 907.4330888485312, 2154.8034958772123, 1036.5843011948987, 999.0532076143035, 2375.591805740592, 14723.08391164523, 4398.368422387501, 4372.0954801415255, 6817.068922182733, 110372.03376992268, 448.8870695915208, 458.46180663765745, 897.90459151862, 11630.103856092228, 348.1054433165112, 349.83058932639966, 346.64007098962855, 3878.032746113989], "params": [["'addition_Q, 0'", "'addition_Q, 1, 1, 1'", "'addition_Q, 2, 1, 0, 0, 1'", "'addition_Q, 2, 3, 4, 1, 2'", "'multiplication_Q, 0'", "'multiplication_Q, 1, 1, 1'", "'multiplication_Q, 2, 1, 0, 0, 1'", "'multiplication_Q, 2, 3, 4, 1, 2'", "'truediv_Q, 0'", "'truediv_Q, 1, 1, 1'", "'truediv_Q, 2, 1, 0, 0, 1'", "'truediv_Q, 2, 3, 4, 1, 2'", "'floordiv_Q, 0'", "'floordiv_Q, 1, 1, 1'", "'floordiv_Q, 2, 1, 0, 0, 1'", "'floordiv_Q, 2, 3, 4, 1, 2'", "'arb_Q, 0'", "'arb_Q, 1, 1, 1'", "'arb_Q, 2, 1, 0, 0, 1'", "'arb_Q, 2, 3, 4, 1, 2'"]]}, "RandomRealNumberFixture.track_time": {"result": [35.18805676390281, 33.154219999094295, 10.109233502253554, 49.79321107833284, 69.38225230281057, 268.600695397531, 441.9766351186147], "params": [["'Double'", "'arf, 16'", "'arf, 64'", "'arf, 512'", "'arf, 4096'", "'arf, 32768'", "'arf, 65536'"]]}}, "params": {"arch": "x86_64", "cpu": "Standard_DS2_v2", "machine": "Azure", "os": "Linux", "ram": "61830880", "python": "", "automake": "", "benchmark==1.5.0": "", "boost-cpp": "", "ccache": "", "coreutils": "", "cppasv": "", "cppyy": "", "cppyythonizations": "", "cxx-compiler": "", "e-antic": "", "gmp": "", "gmpxxll": "", "gmpxxyy": "", "libflint": "", "libtool": "", "make": "", "ppl": "", "pytest": "", "setuptools": ""}, "requirements": {"automake": "", "benchmark==1.5.0": "", "boost-cpp": "", "ccache": "", "coreutils": "", "cppasv": "", "cppyy": "", "cppyythonizations": "", "cxx-compiler": "", "e-antic": "", "gmp": "", "gmpxxll": "", "gmpxxyy": "", "libflint": "", "libtool": "", "make": "", "ppl": "", "pytest": "", "setuptools": ""}, "commit_hash": "6894a8d50fc9aa026e32870d0ff022396c190dc8", "date": 1632492677000, "env_name": "conda-py-automake-benchmark==1.5.0-boost-cpp-ccache-coreutils-cppasv-cppyy-cppyythonizations-cxx-compiler-e-antic-gmp-gmpxxll-gmpxxyy-libflint-libtool-make-ppl-pytest-setuptools", "python": "", "profiles": {}, "started_at": {"ArbBenchmark.track_time": 1632492969982, "ElementBenchmark\u27e8IntegerRing\u27e9.track_time": 1632492994858, "ElementBenchmark\u27e8NumberField\u27e9.track_time": 1632493015167, "ElementBenchmark\u27e8RationalField\u27e9.track_time": 1632493033516, "RandomRealNumberFixture.track_time": 1632493055183}, "ended_at": {"ArbBenchmark.track_time": 1632492994857, "ElementBenchmark\u27e8IntegerRing\u27e9.track_time": 1632493015166, "ElementBenchmark\u27e8NumberField\u27e9.track_time": 1632493033515, "ElementBenchmark\u27e8RationalField\u27e9.track_time": 1632493055183, "RandomRealNumberFixture.track_time": 1632493062271}, "benchmark_version": {"ArbBenchmark.track_time": "0", "ElementBenchmark\u27e8IntegerRing\u27e9.track_time": "0", "ElementBenchmark\u27e8NumberField\u27e9.track_time": "0", "ElementBenchmark\u27e8RationalField\u27e9.track_time": "0", "RandomRealNumberFixture.track_time": "0"}, "version": 1}