{"results": {"ArbBenchmark.track_time": {"result": [null, 6.012371664511748, 6.018973597109477, 13.668342177674388, 274.64343968055823, 5.353771695564933, 64.11473941130662, 8.61437847532733, 68.80441472537612, 10.708100404659648, 10.706713183652628, 61.1531451399321, 677.9233612058597, 60.04162122279192, 669.8259138108134, 39.85004165454302, 489.289477547562, 147.38815280177835, 29211.40620433385, 113.11213980633046, 28726.79930184805, 85.32458405889805, 28233.69392873033], "params": [["'Create'", "'CreateMove, 53, 10'", "'CreateMove, 65536, 1024'", "'CreateCopy, 53, 10'", "'CreateCopy, 65536, 1024'", "'Assign_C, 53, 10'", "'Assign_C, 65536, 1024'", "'Assign, 53, 10'", "'Assign, 65536, 1024'", "'AssignMove, 53, 10'", "'AssignMove, 65536, 1024'", "'Addition_Inplace_Yap, 53, 10'", "'Addition_Inplace_Yap, 65536, 1024'", "'Addition_Yap, 53, 10'", "'Addition_Yap, 65536, 1024'", "'Addition_C, 53, 10'", "'Addition_C, 65536, 1024'", "'Arithmetic_Yap, 53, 10'", "'Arithmetic_Yap, 65536, 1024'", "'Arithmetic_C, 53, 10'", "'Arithmetic_C, 65536, 1024'", "'Arithmetic_C_optimized, 53, 10'", "'Arithmetic_C_optimized, 65536, 1024'"]]}, "ElementBenchmark\u27e8IntegerRing\u27e9.track_time": {"result": [94.82534268245686, 94.65389861362858, 535.0330782779254, 1007.3295352323839, 602.1113965384562, 614.397450638349, 1435.5926174178287, 10236.811102510552, 3179.8114190350966, 3214.830472833961, 4602.866895757192, 70422.58411261941, 164.09124845533506, 164.23651768161366, 263.11240977636373, 8601.189862759957, 309.8885189036314, 301.50178300327394, 312.92145971979545, 3209.725109898177], "params": [["'addition_Z, 0'", "'addition_Z, 1, 1, 1'", "'addition_Z, 2, 1, 0, 0, 1'", "'addition_Z, 2, 3, 4, 1, 2'", "'multiplication_Z, 0'", "'multiplication_Z, 1, 1, 1'", "'multiplication_Z, 2, 1, 0, 0, 1'", "'multiplication_Z, 2, 3, 4, 1, 2'", "'truediv_Z, 0'", "'truediv_Z, 1, 1, 1'", "'truediv_Z, 2, 1, 0, 0, 1'", "'truediv_Z, 2, 3, 4, 1, 2'", "'floordiv_Z, 0'", "'floordiv_Z, 1, 1, 1'", "'floordiv_Z, 2, 1, 0, 0, 1'", "'floordiv_Z, 2, 3, 4, 1, 2'", "'arb_Z, 0'", "'arb_Z, 1, 1, 1'", "'arb_Z, 2, 1, 0, 0, 1'", "'arb_Z, 2, 3, 4, 1, 2'"]]}, "ElementBenchmark\u27e8NumberField\u27e9.track_time": {"result": [148.2073486354961, 148.77572035237765, 827.8719872570643, 1602.799507218497, 1141.842883992678, 1132.5358086742335, 2262.700166404493, 13996.106145814436, 5192.593914884207, 5343.995495666862, 7932.7035798983625, 109972.7844395742, 535.4044689741229, 522.2165088198315, 984.3959961628813, 17392.049571209045, 601.4368446413976, 503.67133497088827, 511.65442214347405, 5335.565170000001], "params": [["'addition_K, 0'", "'addition_K, 1, 1, 1'", "'addition_K, 2, 1, 0, 0, 1'", "'addition_K, 2, 3, 4, 1, 2'", "'multiplication_K, 0'", "'multiplication_K, 1, 1, 1'", "'multiplication_K, 2, 1, 0, 0, 1'", "'multiplication_K, 2, 3, 4, 1, 2'", "'truediv_K, 0'", "'truediv_K, 1, 1, 1'", "'truediv_K, 2, 1, 0, 0, 1'", "'truediv_K, 2, 3, 4, 1, 2'", "'floordiv_K, 0'", "'floordiv_K, 1, 1, 1'", "'floordiv_K, 2, 1, 0, 0, 1'", "'floordiv_K, 2, 3, 4, 1, 2'", "'arb_K, 0'", "'arb_K, 1, 1, 1'", "'arb_K, 2, 1, 0, 0, 1'", "'arb_K, 2, 3, 4, 1, 2'"]]}, "ElementBenchmark\u27e8RationalField\u27e9.track_time": {"result": [179.1775099727149, 179.3054363387255, 922.7678412279812, 2177.3210261581944, 912.1861808186866, 935.5915265107643, 2126.396896101239, 14543.069952503958, 4447.61652227292, 4405.7915103838895, 6745.499339994412, 111517.32984126984, 457.3194194871653, 464.26325304446306, 883.2509539495446, 11138.755888152278, 361.0982804795168, 370.4157608896872, 341.3599627693367, 3698.2983858294783], "params": [["'addition_Q, 0'", "'addition_Q, 1, 1, 1'", "'addition_Q, 2, 1, 0, 0, 1'", "'addition_Q, 2, 3, 4, 1, 2'", "'multiplication_Q, 0'", "'multiplication_Q, 1, 1, 1'", "'multiplication_Q, 2, 1, 0, 0, 1'", "'multiplication_Q, 2, 3, 4, 1, 2'", "'truediv_Q, 0'", "'truediv_Q, 1, 1, 1'", "'truediv_Q, 2, 1, 0, 0, 1'", "'truediv_Q, 2, 3, 4, 1, 2'", "'floordiv_Q, 0'", "'floordiv_Q, 1, 1, 1'", "'floordiv_Q, 2, 1, 0, 0, 1'", "'floordiv_Q, 2, 3, 4, 1, 2'", "'arb_Q, 0'", "'arb_Q, 1, 1, 1'", "'arb_Q, 2, 1, 0, 0, 1'", "'arb_Q, 2, 3, 4, 1, 2'"]]}, "RandomRealNumberFixture.track_time": {"result": [32.22123265850851, 31.80539203619127, 8.998203313529126, 53.754240996411596, 90.98993055736172, 438.07563541570846, 779.2930177035104], "params": [["'Double'", "'arf, 16'", "'arf, 64'", "'arf, 512'", "'arf, 4096'", "'arf, 32768'", "'arf, 65536'"]]}}, "params": {"arch": "x86_64", "cpu": "Standard_DS2_v2", "machine": "Azure", "os": "Linux", "ram": "61830880", "python": "", "automake": "", "benchmark==1.5.0": "", "boost-cpp": "", "ccache": "", "coreutils": "", "cppasv": "", "cppyy": "", "cppyythonizations": "", "cxx-compiler": "", "e-antic": "", "fmt": "", "gmp": "", "gmpxxll": "", "gmpxxyy": "", "libflint": "", "libtool": "", "make": "", "ppl": "", "pytest": "", "setuptools": ""}, "requirements": {"automake": "", "benchmark==1.5.0": "", "boost-cpp": "", "ccache": "", "coreutils": "", "cppasv": "", "cppyy": "", "cppyythonizations": "", "cxx-compiler": "", "e-antic": "", "fmt": "", "gmp": "", "gmpxxll": "", "gmpxxyy": "", "libflint": "", "libtool": "", "make": "", "ppl": "", "pytest": "", "setuptools": ""}, "commit_hash": "6dcf3daf58bb5fcf73a3440239367c1b1715c094", "date": 1609150281000, "env_name": "conda-py-automake-benchmark==1.5.0-boost-cpp-ccache-coreutils-cppasv-cppyy-cppyythonizations-cxx-compiler-e-antic-fmt-gmp-gmpxxll-gmpxxyy-libflint-libtool-make-ppl-pytest-setuptools", "python": "", "profiles": {}, "started_at": {"ArbBenchmark.track_time": 1609150553874, "ElementBenchmark\u27e8IntegerRing\u27e9.track_time": 1609150578131, "ElementBenchmark\u27e8NumberField\u27e9.track_time": 1609150598521, "ElementBenchmark\u27e8RationalField\u27e9.track_time": 1609150616004, "RandomRealNumberFixture.track_time": 1609150637596}, "ended_at": {"ArbBenchmark.track_time": 1609150578130, "ElementBenchmark\u27e8IntegerRing\u27e9.track_time": 1609150598521, "ElementBenchmark\u27e8NumberField\u27e9.track_time": 1609150616004, "ElementBenchmark\u27e8RationalField\u27e9.track_time": 1609150637595, "RandomRealNumberFixture.track_time": 1609150644428}, "benchmark_version": {"ArbBenchmark.track_time": "0", "ElementBenchmark\u27e8IntegerRing\u27e9.track_time": "0", "ElementBenchmark\u27e8NumberField\u27e9.track_time": "0", "ElementBenchmark\u27e8RationalField\u27e9.track_time": "0", "RandomRealNumberFixture.track_time": "0"}, "version": 1}