{"results": {"ArbBenchmark.track_time": {"result": [null, 6.068648737772657, 6.057431246289111, 14.605811615368895, 188.0305147661045, 5.020107759470089, 44.49497498810075, 8.428398438070857, 44.66227859108981, 10.72594945089096, 10.71706867343338, 61.74310184869147, 600.8832188538381, 61.705176543991875, 626.6996647914681, 41.43135652629642, 463.140249222711, 149.83491553522012, 29035.443820925302, 115.08066614375716, 28738.475470457724, 88.81777037062346, 28267.862537397912], "params": [["'Create'", "'CreateMove, 53, 10'", "'CreateMove, 65536, 1024'", "'CreateCopy, 53, 10'", "'CreateCopy, 65536, 1024'", "'Assign_C, 53, 10'", "'Assign_C, 65536, 1024'", "'Assign, 53, 10'", "'Assign, 65536, 1024'", "'AssignMove, 53, 10'", "'AssignMove, 65536, 1024'", "'Addition_Inplace_Yap, 53, 10'", "'Addition_Inplace_Yap, 65536, 1024'", "'Addition_Yap, 53, 10'", "'Addition_Yap, 65536, 1024'", "'Addition_C, 53, 10'", "'Addition_C, 65536, 1024'", "'Arithmetic_Yap, 53, 10'", "'Arithmetic_Yap, 65536, 1024'", "'Arithmetic_C, 53, 10'", "'Arithmetic_C, 65536, 1024'", "'Arithmetic_C_optimized, 53, 10'", "'Arithmetic_C_optimized, 65536, 1024'"]]}, "ElementBenchmark\u27e8IntegerRing\u27e9.track_time": {"result": [94.94881493295104, 95.02996196720208, 520.9560185910959, 995.4209769352575, 579.8799511093619, 606.5164158757195, 1426.3517997733052, 10227.66551435002, 3132.1810685472196, 3163.526158949327, 4545.726832686642, 70497.20639093943, 163.5767735580632, 163.06340699339367, 263.9781802317002, 9086.994288634767, 280.0583976370389, 283.36269634371627, 280.73649194332984, 3460.027809859583], "params": [["'addition_Z, 0'", "'addition_Z, 1, 1, 1'", "'addition_Z, 2, 1, 0, 0, 1'", "'addition_Z, 2, 3, 4, 1, 2'", "'multiplication_Z, 0'", "'multiplication_Z, 1, 1, 1'", "'multiplication_Z, 2, 1, 0, 0, 1'", "'multiplication_Z, 2, 3, 4, 1, 2'", "'truediv_Z, 0'", "'truediv_Z, 1, 1, 1'", "'truediv_Z, 2, 1, 0, 0, 1'", "'truediv_Z, 2, 3, 4, 1, 2'", "'floordiv_Z, 0'", "'floordiv_Z, 1, 1, 1'", "'floordiv_Z, 2, 1, 0, 0, 1'", "'floordiv_Z, 2, 3, 4, 1, 2'", "'arb_Z, 0'", "'arb_Z, 1, 1, 1'", "'arb_Z, 2, 1, 0, 0, 1'", "'arb_Z, 2, 3, 4, 1, 2'"]]}, "ElementBenchmark\u27e8NumberField\u27e9.track_time": {"result": [141.48242333461695, 141.29708288155058, 766.1841960551483, 1435.4420641245015, 865.7057305514519, 844.8007153547602, 1943.7271153071977, 13065.977189332325, 4555.45370376416, 4654.0095073064185, 6726.576475557776, 97827.90337487747, 485.9001754365259, 519.6241835508941, 913.0174617326974, 15796.268890808802, 578.0262079151344, 587.3099487203606, 560.8340185019571, 6011.25479], "params": [["'addition_K, 0'", "'addition_K, 1, 1, 1'", "'addition_K, 2, 1, 0, 0, 1'", "'addition_K, 2, 3, 4, 1, 2'", "'multiplication_K, 0'", "'multiplication_K, 1, 1, 1'", "'multiplication_K, 2, 1, 0, 0, 1'", "'multiplication_K, 2, 3, 4, 1, 2'", "'truediv_K, 0'", "'truediv_K, 1, 1, 1'", "'truediv_K, 2, 1, 0, 0, 1'", "'truediv_K, 2, 3, 4, 1, 2'", "'floordiv_K, 0'", "'floordiv_K, 1, 1, 1'", "'floordiv_K, 2, 1, 0, 0, 1'", "'floordiv_K, 2, 3, 4, 1, 2'", "'arb_K, 0'", "'arb_K, 1, 1, 1'", "'arb_K, 2, 1, 0, 0, 1'", "'arb_K, 2, 3, 4, 1, 2'"]]}, "ElementBenchmark\u27e8RationalField\u27e9.track_time": {"result": [182.91772056191934, 182.24778771203782, 919.0374097129201, 2183.9133017848076, 909.7386716406571, 931.2661337388087, 2130.1231570881228, 14560.279714555567, 4536.80127298444, 4265.690497294983, 6830.843397071424, 111681.38040893961, 449.43767858680184, 480.2847117007921, 867.9432871816118, 11508.773662485086, 344.4935282400268, 344.45540820410474, 344.52921412323127, 3857.6539201955766], "params": [["'addition_Q, 0'", "'addition_Q, 1, 1, 1'", "'addition_Q, 2, 1, 0, 0, 1'", "'addition_Q, 2, 3, 4, 1, 2'", "'multiplication_Q, 0'", "'multiplication_Q, 1, 1, 1'", "'multiplication_Q, 2, 1, 0, 0, 1'", "'multiplication_Q, 2, 3, 4, 1, 2'", "'truediv_Q, 0'", "'truediv_Q, 1, 1, 1'", "'truediv_Q, 2, 1, 0, 0, 1'", "'truediv_Q, 2, 3, 4, 1, 2'", "'floordiv_Q, 0'", "'floordiv_Q, 1, 1, 1'", "'floordiv_Q, 2, 1, 0, 0, 1'", "'floordiv_Q, 2, 3, 4, 1, 2'", "'arb_Q, 0'", "'arb_Q, 1, 1, 1'", "'arb_Q, 2, 1, 0, 0, 1'", "'arb_Q, 2, 3, 4, 1, 2'"]]}, "RandomRealNumberFixture.track_time": {"result": [33.141514804895365, 32.57461566433387, 9.071118820998462, 48.97697815450328, 60.48433154242955, 185.75374652081746, 276.4749761313465], "params": [["'Double'", "'arf, 16'", "'arf, 64'", "'arf, 512'", "'arf, 4096'", "'arf, 32768'", "'arf, 65536'"]]}}, "params": {"arch": "x86_64", "cpu": "Standard_DS2_v2", "machine": "Azure", "os": "Linux", "ram": "61830880", "python": "", "automake": "", "benchmark==1.5.0": "", "boost-cpp": "", "ccache": "", "coreutils": "", "cppasv": "", "cppyy": "", "cppyythonizations": "", "cxx-compiler": "", "e-antic": "", "gmp": "", "gmpxxll": "", "gmpxxyy": "", "libflint": "", "libtool": "", "make": "", "ppl": "", "pytest": "", "setuptools": ""}, "requirements": {"automake": "", "benchmark==1.5.0": "", "boost-cpp": "", "ccache": "", "coreutils": "", "cppasv": "", "cppyy": "", "cppyythonizations": "", "cxx-compiler": "", "e-antic": "", "gmp": "", "gmpxxll": "", "gmpxxyy": "", "libflint": "", "libtool": "", "make": "", "ppl": "", "pytest": "", "setuptools": ""}, "commit_hash": "8035f6b2289e0382dc5dd658204f790395c3b27e", "date": 1627402689000, "env_name": "conda-py-automake-benchmark==1.5.0-boost-cpp-ccache-coreutils-cppasv-cppyy-cppyythonizations-cxx-compiler-e-antic-gmp-gmpxxll-gmpxxyy-libflint-libtool-make-ppl-pytest-setuptools", "python": "", "profiles": {}, "started_at": {"ArbBenchmark.track_time": 1627402969827, "ElementBenchmark\u27e8IntegerRing\u27e9.track_time": 1627402994794, "ElementBenchmark\u27e8NumberField\u27e9.track_time": 1627403015091, "ElementBenchmark\u27e8RationalField\u27e9.track_time": 1627403033330, "RandomRealNumberFixture.track_time": 1627403055034}, "ended_at": {"ArbBenchmark.track_time": 1627402994793, "ElementBenchmark\u27e8IntegerRing\u27e9.track_time": 1627403015090, "ElementBenchmark\u27e8NumberField\u27e9.track_time": 1627403033330, "ElementBenchmark\u27e8RationalField\u27e9.track_time": 1627403055033, "RandomRealNumberFixture.track_time": 1627403062217}, "benchmark_version": {"ArbBenchmark.track_time": "0", "ElementBenchmark\u27e8IntegerRing\u27e9.track_time": "0", "ElementBenchmark\u27e8NumberField\u27e9.track_time": "0", "ElementBenchmark\u27e8RationalField\u27e9.track_time": "0", "RandomRealNumberFixture.track_time": "0"}, "version": 1}