{"results": {"ArbBenchmark.track_time": {"result": [null, 6.855030432116574, 6.836861636226119, 17.087081083710178, 224.19623945986348, 6.833691177795501, 50.45815448946362, 10.093584323892658, 53.45388477859848, 12.693228477115099, 12.878844017572286, 73.82247250528995, 724.2380180027351, 73.43521264460777, 764.4181224443377, 50.72949425039767, 557.8521460043733, 177.7583033265738, 35381.18610050563, 140.32191708980807, 35029.4845983491, 108.95941988831142, 33743.8152058625], "params": [["'Create'", "'CreateMove, 53, 10'", "'CreateMove, 65536, 1024'", "'CreateCopy, 53, 10'", "'CreateCopy, 65536, 1024'", "'Assign_C, 53, 10'", "'Assign_C, 65536, 1024'", "'Assign, 53, 10'", "'Assign, 65536, 1024'", "'AssignMove, 53, 10'", "'AssignMove, 65536, 1024'", "'Addition_Inplace_Yap, 53, 10'", "'Addition_Inplace_Yap, 65536, 1024'", "'Addition_Yap, 53, 10'", "'Addition_Yap, 65536, 1024'", "'Addition_C, 53, 10'", "'Addition_C, 65536, 1024'", "'Arithmetic_Yap, 53, 10'", "'Arithmetic_Yap, 65536, 1024'", "'Arithmetic_C, 53, 10'", "'Arithmetic_C, 65536, 1024'", "'Arithmetic_C_optimized, 53, 10'", "'Arithmetic_C_optimized, 65536, 1024'"]]}, "ElementBenchmark\u27e8IntegerRing\u27e9.track_time": {"result": [111.26520641255668, 111.73607630447579, 624.3178078919697, 1178.1907816756254, 747.1573537810705, 720.2788071050451, 1693.6634062864587, 12558.778988270327, 3893.2114601723083, 3844.83659377962, 5427.7800708015175, 83941.2050209205, 195.49397802377342, 195.87399899847424, 314.78677215599197, 10824.334626665037, 346.8659525206638, 348.07227439185243, 348.5558553928714, 4197.41011235955], "params": [["'addition_Z, 0'", "'addition_Z, 1, 1, 1'", "'addition_Z, 2, 1, 0, 0, 1'", "'addition_Z, 2, 3, 4, 1, 2'", "'multiplication_Z, 0'", "'multiplication_Z, 1, 1, 1'", "'multiplication_Z, 2, 1, 0, 0, 1'", "'multiplication_Z, 2, 3, 4, 1, 2'", "'truediv_Z, 0'", "'truediv_Z, 1, 1, 1'", "'truediv_Z, 2, 1, 0, 0, 1'", "'truediv_Z, 2, 3, 4, 1, 2'", "'floordiv_Z, 0'", "'floordiv_Z, 1, 1, 1'", "'floordiv_Z, 2, 1, 0, 0, 1'", "'floordiv_Z, 2, 3, 4, 1, 2'", "'arb_Z, 0'", "'arb_Z, 1, 1, 1'", "'arb_Z, 2, 1, 0, 0, 1'", "'arb_Z, 2, 3, 4, 1, 2'"]]}, "ElementBenchmark\u27e8NumberField\u27e9.track_time": {"result": [173.91299911870811, 173.35854690833682, 941.6223308261651, 1744.7211835877818, 1053.3917264132037, 1046.9572091434939, 2365.0189154894406, 16398.30423336891, 5616.019375464204, 5383.202263127543, 7978.044371028061, 118723.93545640328, 613.467649291796, 630.4273825616024, 1093.7049116294136, 18518.863238085338, 697.1489675000873, 634.8254694942785, 659.9621104371372, 7034.44389], "params": [["'addition_K, 0'", "'addition_K, 1, 1, 1'", "'addition_K, 2, 1, 0, 0, 1'", "'addition_K, 2, 3, 4, 1, 2'", "'multiplication_K, 0'", "'multiplication_K, 1, 1, 1'", "'multiplication_K, 2, 1, 0, 0, 1'", "'multiplication_K, 2, 3, 4, 1, 2'", "'truediv_K, 0'", "'truediv_K, 1, 1, 1'", "'truediv_K, 2, 1, 0, 0, 1'", "'truediv_K, 2, 3, 4, 1, 2'", "'floordiv_K, 0'", "'floordiv_K, 1, 1, 1'", "'floordiv_K, 2, 1, 0, 0, 1'", "'floordiv_K, 2, 3, 4, 1, 2'", "'arb_K, 0'", "'arb_K, 1, 1, 1'", "'arb_K, 2, 1, 0, 0, 1'", "'arb_K, 2, 3, 4, 1, 2'"]]}, "ElementBenchmark\u27e8RationalField\u27e9.track_time": {"result": [214.41213750990883, 221.1278933703024, 1109.8761692791327, 2606.869357171431, 1133.4768721850676, 1222.8908774509316, 2670.6685522780012, 18513.04258865157, 5593.611018657793, 5502.16032108685, 8580.705969151317, 144882.8620768527, 597.4179209446211, 543.8727456450246, 1132.4993945309802, 14089.52622173053, 412.10994846990184, 418.4691438612557, 434.7781864864091, 4546.379715438371], "params": [["'addition_Q, 0'", "'addition_Q, 1, 1, 1'", "'addition_Q, 2, 1, 0, 0, 1'", "'addition_Q, 2, 3, 4, 1, 2'", "'multiplication_Q, 0'", "'multiplication_Q, 1, 1, 1'", "'multiplication_Q, 2, 1, 0, 0, 1'", "'multiplication_Q, 2, 3, 4, 1, 2'", "'truediv_Q, 0'", "'truediv_Q, 1, 1, 1'", "'truediv_Q, 2, 1, 0, 0, 1'", "'truediv_Q, 2, 3, 4, 1, 2'", "'floordiv_Q, 0'", "'floordiv_Q, 1, 1, 1'", "'floordiv_Q, 2, 1, 0, 0, 1'", "'floordiv_Q, 2, 3, 4, 1, 2'", "'arb_Q, 0'", "'arb_Q, 1, 1, 1'", "'arb_Q, 2, 1, 0, 0, 1'", "'arb_Q, 2, 3, 4, 1, 2'"]]}, "RandomRealNumberFixture.track_time": {"result": [42.09463253938824, 40.89003002606784, 12.683316971331001, 59.68746193437544, 81.32749656025833, 321.51921788633575, 530.2573840110093], "params": [["'Double'", "'arf, 16'", "'arf, 64'", "'arf, 512'", "'arf, 4096'", "'arf, 32768'", "'arf, 65536'"]]}}, "params": {"arch": "x86_64", "cpu": "Standard_DS2_v2", "machine": "Azure", "os": "Linux", "ram": "61830880", "python": "", "automake": "", "benchmark==1.5.0": "", "boost-cpp": "", "ccache": "", "coreutils": "", "cppasv": "", "cppyy": "", "cppyythonizations": "", "cxx-compiler": "", "e-antic": "", "gmp": "", "gmpxxll": "", "gmpxxyy": "", "libflint": "", "libtool": "", "make": "", "ppl": "", "pytest": "", "setuptools": ""}, "requirements": {"automake": "", "benchmark==1.5.0": "", "boost-cpp": "", "ccache": "", "coreutils": "", "cppasv": "", "cppyy": "", "cppyythonizations": "", "cxx-compiler": "", "e-antic": "", "gmp": "", "gmpxxll": "", "gmpxxyy": "", "libflint": "", "libtool": "", "make": "", "ppl": "", "pytest": "", "setuptools": ""}, "commit_hash": "b341acba261138b119c18b47d7937528916523fb", "date": 1629306074000, "env_name": "conda-py-automake-benchmark==1.5.0-boost-cpp-ccache-coreutils-cppasv-cppyy-cppyythonizations-cxx-compiler-e-antic-gmp-gmpxxll-gmpxxyy-libflint-libtool-make-ppl-pytest-setuptools", "python": "", "profiles": {}, "started_at": {"ArbBenchmark.track_time": 1629306475730, "ElementBenchmark\u27e8IntegerRing\u27e9.track_time": 1629306499896, "ElementBenchmark\u27e8NumberField\u27e9.track_time": 1629306520804, "ElementBenchmark\u27e8RationalField\u27e9.track_time": 1629306538302, "RandomRealNumberFixture.track_time": 1629306559050}, "ended_at": {"ArbBenchmark.track_time": 1629306499895, "ElementBenchmark\u27e8IntegerRing\u27e9.track_time": 1629306520803, "ElementBenchmark\u27e8NumberField\u27e9.track_time": 1629306538301, "ElementBenchmark\u27e8RationalField\u27e9.track_time": 1629306559049, "RandomRealNumberFixture.track_time": 1629306565885}, "benchmark_version": {"ArbBenchmark.track_time": "0", "ElementBenchmark\u27e8IntegerRing\u27e9.track_time": "0", "ElementBenchmark\u27e8NumberField\u27e9.track_time": "0", "ElementBenchmark\u27e8RationalField\u27e9.track_time": "0", "RandomRealNumberFixture.track_time": "0"}, "version": 1}