{"results": {"Benchmarks.track_ArbBenchmark_Addition_C_53_10": 50.19938498190626, "Benchmarks.track_ArbBenchmark_Addition_C_65536_1024": 675.3249658324592, "Benchmarks.track_ArbBenchmark_Addition_Inplace_Yap_53_10": 75.0462531023524, "Benchmarks.track_ArbBenchmark_Addition_Inplace_Yap_65536_1024": 914.3124226909482, "Benchmarks.track_ArbBenchmark_Addition_Yap_53_10": 72.06953768677079, "Benchmarks.track_ArbBenchmark_Addition_Yap_65536_1024": 946.7908951520952, "Benchmarks.track_ArbBenchmark_Arithmetic_C_53_10": 147.7540810071814, "Benchmarks.track_ArbBenchmark_Arithmetic_C_65536_1024": 35114.52409729567, "Benchmarks.track_ArbBenchmark_Arithmetic_C_optimized_53_10": 105.39079615375324, "Benchmarks.track_ArbBenchmark_Arithmetic_C_optimized_65536_1024": 35034.07326173548, "Benchmarks.track_ArbBenchmark_Arithmetic_Yap_53_10": 181.98667909848484, "Benchmarks.track_ArbBenchmark_Arithmetic_Yap_65536_1024": 35657.837139423056, "Benchmarks.track_ArbBenchmark_AssignMove_53_10": 13.781785208275183, "Benchmarks.track_ArbBenchmark_AssignMove_65536_1024": 13.715520965434077, "Benchmarks.track_ArbBenchmark_Assign_53_10": 9.925007362391934, "Benchmarks.track_ArbBenchmark_Assign_65536_1024": 84.1726516783408, "Benchmarks.track_ArbBenchmark_Assign_C_53_10": 5.098224134338292, "Benchmarks.track_ArbBenchmark_Assign_C_65536_1024": 75.65447872426029, "Benchmarks.track_ArbBenchmark_Create": 8.851676995899664, "Benchmarks.track_ArbBenchmark_CreateCopy_53_10": 17.21907842141406, "Benchmarks.track_ArbBenchmark_CreateCopy_65536_1024": 397.87503524038266, "Benchmarks.track_ArbBenchmark_CreateMove_53_10": 7.512825666284127, "Benchmarks.track_ArbBenchmark_CreateMove_65536_1024": 7.512647271352531, "Benchmarks.track_ElementBenchmark_IntegerRing__truediv_Z_0": 4457.0810639001365, "Benchmarks.track_ElementBenchmark_IntegerRing__truediv_Z_1_1_1": 4460.45391371427, "Benchmarks.track_ElementBenchmark_IntegerRing__truediv_Z_2_1_0_0_1": 6327.602108322879, "Benchmarks.track_ElementBenchmark_IntegerRing__truediv_Z_2_3_4_1_2": 78139.81355932176, "Benchmarks.track_ElementBenchmark_NumberField__truediv_K_0": 4969.931928610002, "Benchmarks.track_ElementBenchmark_NumberField__truediv_K_1_1_1": 4993.852124299272, "Benchmarks.track_ElementBenchmark_NumberField__truediv_K_2_1_0_0_1": 7661.965232078575, "Benchmarks.track_ElementBenchmark_NumberField__truediv_K_2_3_4_1_2": 104729.74545454558, "Benchmarks.track_ElementBenchmark_RationalField__truediv_Q_0": 5985.789961455364, "Benchmarks.track_ElementBenchmark_RationalField__truediv_Q_1_1_1": 5812.67651171663, "Benchmarks.track_ElementBenchmark_RationalField__truediv_Q_2_1_0_0_1": 9817.233569931797, "Benchmarks.track_ElementBenchmark_RationalField__truediv_Q_2_3_4_1_2": 136108.6102731353, "Benchmarks.track_RandomRealNumberFixture_Double": 3627.4572719781454, "Benchmarks.track_RandomRealNumberFixture_arf_16": 1729.7521645906895, "Benchmarks.track_RandomRealNumberFixture_arf_32768": 1684836.130331756, "Benchmarks.track_RandomRealNumberFixture_arf_4096": 209061.53793513763, "Benchmarks.track_RandomRealNumberFixture_arf_512": 27870.237921604425, "Benchmarks.track_RandomRealNumberFixture_arf_64": 4277.4404753185945, "Benchmarks.track_RandomRealNumberFixture_arf_65536": 3391191.2815533946}, "params": {"arch": "x86_64", "cpu": "Standard_DS2_v2", "machine": "Azure", "os": "Linux", "ram": "61830880", "python": "3.7", "Cython": "", "arb": "", "automake": "", "benchmark==1.5.0": "", "boost-cpp": "", "e-antic": "", "gmp": "", "gtest": "", "libtool": "", "make": ""}, "requirements": {"Cython": "", "arb": "", "automake": "", "benchmark==1.5.0": "", "boost-cpp": "", "e-antic": "", "gmp": "", "gtest": "", "libtool": "", "make": ""}, "commit_hash": "ca370edf15ada273d291fbe1bfb74167588223c3", "date": 1597532236000, "env_name": "conda-py3.7-Cython-arb-automake-benchmark==1.5.0-boost-cpp-e-antic-gmp-gtest-libtool-make", "python": "3.7", "profiles": {}, "started_at": {"Benchmarks.track_ArbBenchmark_Addition_C_53_10": 1597533463869, "Benchmarks.track_ArbBenchmark_Addition_C_65536_1024": 1597533463924, "Benchmarks.track_ArbBenchmark_Addition_Inplace_Yap_53_10": 1597533463978, "Benchmarks.track_ArbBenchmark_Addition_Inplace_Yap_65536_1024": 1597533464031, "Benchmarks.track_ArbBenchmark_Addition_Yap_53_10": 1597533464084, "Benchmarks.track_ArbBenchmark_Addition_Yap_65536_1024": 1597533464137, "Benchmarks.track_ArbBenchmark_Arithmetic_C_53_10": 1597533464190, "Benchmarks.track_ArbBenchmark_Arithmetic_C_65536_1024": 1597533464243, "Benchmarks.track_ArbBenchmark_Arithmetic_C_optimized_53_10": 1597533464296, "Benchmarks.track_ArbBenchmark_Arithmetic_C_optimized_65536_1024": 1597533464349, "Benchmarks.track_ArbBenchmark_Arithmetic_Yap_53_10": 1597533464402, "Benchmarks.track_ArbBenchmark_Arithmetic_Yap_65536_1024": 1597533464455, "Benchmarks.track_ArbBenchmark_AssignMove_53_10": 1597533464507, "Benchmarks.track_ArbBenchmark_AssignMove_65536_1024": 1597533464561, "Benchmarks.track_ArbBenchmark_Assign_53_10": 1597533464613, "Benchmarks.track_ArbBenchmark_Assign_65536_1024": 1597533464666, "Benchmarks.track_ArbBenchmark_Assign_C_53_10": 1597533464719, "Benchmarks.track_ArbBenchmark_Assign_C_65536_1024": 1597533464772, "Benchmarks.track_ArbBenchmark_Create": 1597533464826, "Benchmarks.track_ArbBenchmark_CreateCopy_53_10": 1597533464879, "Benchmarks.track_ArbBenchmark_CreateCopy_65536_1024": 1597533464932, "Benchmarks.track_ArbBenchmark_CreateMove_53_10": 1597533464985, "Benchmarks.track_ArbBenchmark_CreateMove_65536_1024": 1597533465038, "Benchmarks.track_ElementBenchmark_IntegerRing__truediv_Z_0": 1597533465091, "Benchmarks.track_ElementBenchmark_IntegerRing__truediv_Z_1_1_1": 1597533465144, "Benchmarks.track_ElementBenchmark_IntegerRing__truediv_Z_2_1_0_0_1": 1597533465197, "Benchmarks.track_ElementBenchmark_IntegerRing__truediv_Z_2_3_4_1_2": 1597533465249, "Benchmarks.track_ElementBenchmark_NumberField__truediv_K_0": 1597533465303, "Benchmarks.track_ElementBenchmark_NumberField__truediv_K_1_1_1": 1597533465355, "Benchmarks.track_ElementBenchmark_NumberField__truediv_K_2_1_0_0_1": 1597533465408, "Benchmarks.track_ElementBenchmark_NumberField__truediv_K_2_3_4_1_2": 1597533465461, "Benchmarks.track_ElementBenchmark_RationalField__truediv_Q_0": 1597533465514, "Benchmarks.track_ElementBenchmark_RationalField__truediv_Q_1_1_1": 1597533465567, "Benchmarks.track_ElementBenchmark_RationalField__truediv_Q_2_1_0_0_1": 1597533465621, "Benchmarks.track_ElementBenchmark_RationalField__truediv_Q_2_3_4_1_2": 1597533465674, "Benchmarks.track_RandomRealNumberFixture_Double": 1597533465727, "Benchmarks.track_RandomRealNumberFixture_arf_16": 1597533465780, "Benchmarks.track_RandomRealNumberFixture_arf_32768": 1597533465833, "Benchmarks.track_RandomRealNumberFixture_arf_4096": 1597533465885, "Benchmarks.track_RandomRealNumberFixture_arf_512": 1597533465938, "Benchmarks.track_RandomRealNumberFixture_arf_64": 1597533465991, "Benchmarks.track_RandomRealNumberFixture_arf_65536": 1597533466045}, "ended_at": {"Benchmarks.track_ArbBenchmark_Addition_C_53_10": 1597533463924, "Benchmarks.track_ArbBenchmark_Addition_C_65536_1024": 1597533463978, "Benchmarks.track_ArbBenchmark_Addition_Inplace_Yap_53_10": 1597533464031, "Benchmarks.track_ArbBenchmark_Addition_Inplace_Yap_65536_1024": 1597533464084, "Benchmarks.track_ArbBenchmark_Addition_Yap_53_10": 1597533464137, "Benchmarks.track_ArbBenchmark_Addition_Yap_65536_1024": 1597533464190, "Benchmarks.track_ArbBenchmark_Arithmetic_C_53_10": 1597533464243, "Benchmarks.track_ArbBenchmark_Arithmetic_C_65536_1024": 1597533464296, "Benchmarks.track_ArbBenchmark_Arithmetic_C_optimized_53_10": 1597533464349, "Benchmarks.track_ArbBenchmark_Arithmetic_C_optimized_65536_1024": 1597533464402, "Benchmarks.track_ArbBenchmark_Arithmetic_Yap_53_10": 1597533464454, "Benchmarks.track_ArbBenchmark_Arithmetic_Yap_65536_1024": 1597533464507, "Benchmarks.track_ArbBenchmark_AssignMove_53_10": 1597533464560, "Benchmarks.track_ArbBenchmark_AssignMove_65536_1024": 1597533464613,