{"results": {"ArbBenchmark.track_time": {"result": [null, 7.723451048339345, 7.529372038896086, 18.063172415983676, 329.5040276889798, 5.08711381, 75.54361907053443, 9.796498654605374, 79.23118151336925, 13.169031418872528, 13.10625196021817, 74.26360893033049, 864.9736738843932, 72.1973446267578, 852.9688241756505, 44.36160967544291, 624.2065562232075, 188.3791749452752, 37205.574030775926, 144.54679929413936, 35531.00784006272, 109.02417842459131, 34178.81607055365], "params": [["'Create'", "'CreateMove, 53, 10'", "'CreateMove, 65536, 1024'", "'CreateCopy, 53, 10'", "'CreateCopy, 65536, 1024'", "'Assign_C, 53, 10'", "'Assign_C, 65536, 1024'", "'Assign, 53, 10'", "'Assign, 65536, 1024'", "'AssignMove, 53, 10'", "'AssignMove, 65536, 1024'", "'Addition_Inplace_Yap, 53, 10'", "'Addition_Inplace_Yap, 65536, 1024'", "'Addition_Yap, 53, 10'", "'Addition_Yap, 65536, 1024'", "'Addition_C, 53, 10'", "'Addition_C, 65536, 1024'", "'Arithmetic_Yap, 53, 10'", "'Arithmetic_Yap, 65536, 1024'", "'Arithmetic_C, 53, 10'", "'Arithmetic_C, 65536, 1024'", "'Arithmetic_C_optimized, 53, 10'", "'Arithmetic_C_optimized, 65536, 1024'"]]}, "ElementBenchmark\u27e8IntegerRing\u27e9.track_time": {"result": [118.36400950033153, 118.5218311982188, 622.338037277894, 1167.3342337586007, 709.6991171845434, 714.9711551477438, 1728.5959995712872, 12284.465029594989, 3726.1782659569208, 3811.3345326065873, 5510.746479865378, 83275.36993479275, 194.39618978546923, 199.181615432609, 327.1194379856695, 10927.439117647058, 354.18247768470644, 349.4066547114007, 349.0404479263107, 4179.997992354669], "params": [["'addition_Z, 0'", "'addition_Z, 1, 1, 1'", "'addition_Z, 2, 1, 0, 0, 1'", "'addition_Z, 2, 3, 4, 1, 2'", "'multiplication_Z, 0'", "'multiplication_Z, 1, 1, 1'", "'multiplication_Z, 2, 1, 0, 0, 1'", "'multiplication_Z, 2, 3, 4, 1, 2'", "'truediv_Z, 0'", "'truediv_Z, 1, 1, 1'", "'truediv_Z, 2, 1, 0, 0, 1'", "'truediv_Z, 2, 3, 4, 1, 2'", "'floordiv_Z, 0'", "'floordiv_Z, 1, 1, 1'", "'floordiv_Z, 2, 1, 0, 0, 1'", "'floordiv_Z, 2, 3, 4, 1, 2'", "'arb_Z, 0'", "'arb_Z, 1, 1, 1'", "'arb_Z, 2, 1, 0, 0, 1'", "'arb_Z, 2, 3, 4, 1, 2'"]]}, "ElementBenchmark\u27e8NumberField\u27e9.track_time": {"result": [182.82732650523994, 185.68897448307862, 949.6096089685497, 1857.5837964870277, 1533.171068277735, 1314.7272077793214, 2763.1341363798033, 16668.51758710986, 6106.497727698861, 6028.913857836256, 9019.949417781576, 133580.75622542598, 650.1989516488984, 675.6585062087771, 1248.3666564405416, 17662.83086680761, 647.2624312421924, 660.5439863890878, 660.900716626056, 6717.29637], "params": [["'addition_K, 0'", "'addition_K, 1, 1, 1'", "'addition_K, 2, 1, 0, 0, 1'", "'addition_K, 2, 3, 4, 1, 2'", "'multiplication_K, 0'", "'multiplication_K, 1, 1, 1'", "'multiplication_K, 2, 1, 0, 0, 1'", "'multiplication_K, 2, 3, 4, 1, 2'", "'truediv_K, 0'", "'truediv_K, 1, 1, 1'", "'truediv_K, 2, 1, 0, 0, 1'", "'truediv_K, 2, 3, 4, 1, 2'", "'floordiv_K, 0'", "'floordiv_K, 1, 1, 1'", "'floordiv_K, 2, 1, 0, 0, 1'", "'floordiv_K, 2, 3, 4, 1, 2'", "'arb_K, 0'", "'arb_K, 1, 1, 1'", "'arb_K, 2, 1, 0, 0, 1'", "'arb_K, 2, 3, 4, 1, 2'"]]}, "ElementBenchmark\u27e8RationalField\u27e9.track_time": {"result": [233.33307113387227, 234.84227092835192, 1092.061311646856, 2560.4403049953676, 1122.8697769548262, 1119.5873705694942, 2650.772741975799, 18459.531153013588, 5391.840892525102, 5256.226435503965, 8696.532865874698, 127760.4813559322, 635.1666803141468, 591.5514492249664, 1120.9258439876864, 14278.581665529528, 472.88135479566427, 488.408279271013, 463.9943367566072, 4733.778886505351], "params": [["'addition_Q, 0'", "'addition_Q, 1, 1, 1'", "'addition_Q, 2, 1, 0, 0, 1'", "'addition_Q, 2, 3, 4, 1, 2'", "'multiplication_Q, 0'", "'multiplication_Q, 1, 1, 1'", "'multiplication_Q, 2, 1, 0, 0, 1'", "'multiplication_Q, 2, 3, 4, 1, 2'", "'truediv_Q, 0'", "'truediv_Q, 1, 1, 1'", "'truediv_Q, 2, 1, 0, 0, 1'", "'truediv_Q, 2, 3, 4, 1, 2'", "'floordiv_Q, 0'", "'floordiv_Q, 1, 1, 1'", "'floordiv_Q, 2, 1, 0, 0, 1'", "'floordiv_Q, 2, 3, 4, 1, 2'", "'arb_Q, 0'", "'arb_Q, 1, 1, 1'", "'arb_Q, 2, 1, 0, 0, 1'", "'arb_Q, 2, 3, 4, 1, 2'"]]}, "RandomRealNumberFixture.track_time": {"result": [38.750478900372535, 40.488862081140745, 12.596746945689521, 57.86085885887916, 80.22758709758867, 262.31146997844615, 352.1623799219003], "params": [["'Double'", "'arf, 16'", "'arf, 64'", "'arf, 512'", "'arf, 4096'", "'arf, 32768'", "'arf, 65536'"]]}}, "params": {"arch": "x86_64", "cpu": "Standard_DS2_v2", "machine": "Azure", "os": "Linux", "ram": "61830880", "python": "", "automake": "", "benchmark==1.5.0": "", "boost-cpp": "", "ccache": "", "coreutils": "", "cppasv": "", "cppyy": "", "cppyythonizations": "", "cxx-compiler": "", "e-antic": "", "fmt": "", "gmp": "", "gmpxxll": "", "gmpxxyy": "", "libflint": "", "libtool": "", "make": "", "ppl": "", "pytest": "", "setuptools": ""}, "requirements": {"automake": "", "benchmark==1.5.0": "", "boost-cpp": "", "ccache": "", "coreutils": "", "cppasv": "", "cppyy": "", "cppyythonizations": "", "cxx-compiler": "", "e-antic": "", "fmt": "", "gmp": "", "gmpxxll": "", "gmpxxyy": "", "libflint": "", "libtool": "", "make": "", "ppl": "", "pytest": "", "setuptools": ""}, "commit_hash": "ce09d45977c6b78023e45c9da496bdcb983252e3", "date": 1611848236000, "env_name": "conda-py-automake-benchmark==1.5.0-boost-cpp-ccache-coreutils-cppasv-cppyy-cppyythonizations-cxx-compiler-e-antic-fmt-gmp-gmpxxll-gmpxxyy-libflint-libtool-make-ppl-pytest-setuptools", "python": "", "profiles": {}, "started_at": {"ArbBenchmark.track_time": 1611848562692, "ElementBenchmark\u27e8IntegerRing\u27e9.track_time": 1611848587393, "ElementBenchmark\u27e8NumberField\u27e9.track_time": 1611848608283, "ElementBenchmark\u27e8RationalField\u27e9.track_time": 1611848625965, "RandomRealNumberFixture.track_time": 1611848646952}, "ended_at": {"ArbBenchmark.track_time": 1611848587391, "ElementBenchmark\u27e8IntegerRing\u27e9.track_time": 1611848608282, "ElementBenchmark\u27e8NumberField\u27e9.track_time": 1611848625964, "ElementBenchmark\u27e8RationalField\u27e9.track_time": 1611848646951, "RandomRealNumberFixture.track_time": 1611848654082}, "benchmark_version": {"ArbBenchmark.track_time": "0", "ElementBenchmark\u27e8IntegerRing\u27e9.track_time": "0", "ElementBenchmark\u27e8NumberField\u27e9.track_time": "0", "ElementBenchmark\u27e8RationalField\u27e9.track_time": "0", "RandomRealNumberFixture.track_time": "0"}, "version": 1}